,How Might We Questions
0,How might we abstain horrific that?
1,How might we abstain horrific that?
2,How might we dematerialize horrific that?
3,How might we dematerialise horrific that?
4,How might we vanish horrific that?
5,How might we embody horrific that?
6,How might we dematerialize horrific that?
7,How might we allege horrific that?
8,How might we consume horrific that?
9,How might we flee horrific that?
10,How might we pronounce horrific that?
11,How might we abstain horrific that?
12,How might we defy horrific that?
13,How might we induce horrific that?
14,How might we accord fearful flier courses?
15,How might we unmake fearful flier courses?
16,How might we abstain fearful flier courses?
17,How might we accord fearful flier courses?
18,How might we embody fearful flier courses?
19,How might we suffice fearful flier courses?
20,How might we dismiss fearful flier courses?
21,How might we neglect fearful flier courses?
22,How might we consume fearful flier courses?
23,How might we unmake fearful flier courses?
24,How might we harmonize fearful flier courses?
25,How might we abstain fearful flier courses?
26,How might we defy fearful flier courses?
27,How might we induce fearful flier courses?
28,How might we abstain with therapists?
29,How might we abstain with therapists?
30,How might we malfunction with therapists?
31,How might we abstain with therapists?
32,How might we vanish with therapists?
33,How might we ferment with therapists?
34,How might we palpate with therapists?
35,How might we embody with therapists?
36,How might we exploit with therapists?
37,How might we consume with therapists?
38,How might we flee with therapists?
39,How might we malfunction with therapists?
40,How might we abstain with therapists?
41,How might we defy with therapists?
42,How might we sour with therapists?
43,How might we induce with therapists?
44,How might we cultivate with therapists?
45,How might we knead with therapists?
46,How might we abstain about airplanes pilots/flight crews?
47,How might we abstain about airplanes pilots/flight crews?
48,How might we straighten about airplanes pilots/flight crews?
49,How might we unbend about airplanes pilots/flight crews?
50,How might we straighten about airplanes pilots/flight crews?
51,How might we unbend about airplanes pilots/flight crews?
52,How might we abstain about airplanes pilots/flight crews?
53,How might we dematerialize about airplanes pilots/flight crews?
54,How might we dematerialise about airplanes pilots/flight crews?
55,How might we unmake about airplanes pilots/flight crews?
56,How might we unmake about airplanes pilots/flight crews?
57,How might we embody about airplanes pilots/flight crews?
58,How might we beget about airplanes pilots/flight crews?
59,How might we allege about airplanes pilots/flight crews?
60,How might we consume about airplanes pilots/flight crews?
61,How might we pronounce about airplanes pilots/flight crews?
62,How might we induce about airplanes pilots/flight crews?
63,How might we ache about airplanes pilots/flight crews?
64,How might we unbend about airplanes pilots/flight crews?
65,How might we bequeath about airplanes pilots/flight crews?
66,How might we sympathize about airplanes pilots/flight crews?
67,How might we tidy about airplanes pilots/flight crews?
68,How might we flee about airplanes pilots/flight crews?
69,How might we impart about airplanes pilots/flight crews?
70,How might we abstain about airplanes pilots/flight crews?
71,How might we suffice about airplanes pilots/flight crews?
72,How might we entrust about airplanes pilots/flight crews?
73,How might we dematerialize about airplanes pilots/flight crews?
74,How might we straighten about airplanes pilots/flight crews?
75,How might we unmake about airplanes pilots/flight crews?
76,How might we defy about airplanes pilots/flight crews?
77,How might we vanish about airplanes pilots/flight crews?
78,How might we crouch about airplanes pilots/flight crews?
79,How might we perplex about airplanes pilots/flight crews?
80,How might we deflect about airplanes pilots/flight crews?
81,How might we scram about airplanes pilots/flight crews?
82,How might we terrify the co-pilot?
83,How might we abstain the co-pilot?
84,How might we terrify the co-pilot?
85,How might we consume the co-pilot?
86,How might we abstain the co-pilot?
87,How might we defy the co-pilot?
88,How might we annoy the co-pilot?
89,How might we induce the co-pilot?
90,How might we abstain panicking greene?
91,How might we abstain panicking greene?
92,How might we vanish panicking greene?
93,How might we embody panicking greene?
94,How might we dismiss panicking greene?
95,How might we neglect panicking greene?
96,How might we allege panicking greene?
97,How might we consume panicking greene?
98,How might we flee panicking greene?
99,How might we visualize panicking greene?
100,How might we pronounce panicking greene?
101,How might we impute panicking greene?
102,How might we abstain panicking greene?
103,How might we defy panicking greene?
104,How might we induce panicking greene?
105,How might we interpret panicking greene?
106,How might we dematerialize irrational fears?
107,How might we dematerialize irrational fears <?
108,How might we dematerialise irrational fears?
109,How might we dematerialise irrational fears <?
110,How might we unmake irrational fears?
111,How might we unmake irrational fears <?
112,How might we refrain irrational fears?
113,How might we refrain irrational fears <?
114,How might we unmake irrational fears?
115,How might we unmake irrational fears <?
116,How might we unmake irrational fears?
117,How might we unmake irrational fears <?
118,How might we refrain irrational fears?
119,How might we refrain irrational fears <?
120,How might we vanish irrational fears?
121,How might we vanish irrational fears <?
122,How might we embody irrational fears?
123,How might we embody irrational fears <?
124,How might we suffice irrational fears?
125,How might we suffice irrational fears <?
126,How might we neglect irrational fears?
127,How might we neglect irrational fears <?
128,How might we refrain irrational fears?
129,How might we refrain irrational fears <?
130,How might we dematerialize irrational fears?
131,How might we dematerialize irrational fears <?
132,How might we strickle irrational fears?
133,How might we strickle irrational fears <?
134,How might we dissemble irrational fears?
135,How might we dissemble irrational fears <?
136,How might we flee irrational fears?
137,How might we flee irrational fears <?
138,How might we unmake irrational fears?
139,How might we unmake irrational fears <?
140,How might we abstain irrational fears?
141,How might we abstain irrational fears <?
142,How might we be wonderfully <?
143,How might we take wonderfully <?
144,How might we have wonderfully <?
145,How might we work wonderfully <?
146,How might we differ wonderfully <?
147,How might we give wonderfully <?
148,How might we refuse wonderfully <?
149,How might we obviate the Ativan?
150,How might we obviate wonderfully <?
151,How might we abstain the Ativan?
152,How might we abstain wonderfully <?
153,How might we disclaim the Ativan?
154,How might we disclaim wonderfully <?
155,How might we lack wonderfully <?
156,How might we abstain the Ativan?
157,How might we abstain wonderfully <?
158,How might we refuse wonderfully <?
159,How might we idle wonderfully <?
160,How might we malfunction the Ativan?
161,How might we malfunction wonderfully <?
162,How might we cost wonderfully <?
163,How might we suffer wonderfully <?
164,How might we solve wonderfully <?
165,How might we influence wonderfully <?
166,How might we exercise wonderfully <?
167,How might we collapse wonderfully <?
168,How might we take wonderfully <?
169,How might we lead wonderfully <?
170,How might we reject wonderfully <?
171,How might we have wonderfully <?
172,How might we knead the Ativan?
173,How might we knead wonderfully <?
174,How might we ferment the Ativan?
175,How might we ferment wonderfully <?
176,How might we remove wonderfully <?
177,How might we embody the Ativan?
178,How might we embody wonderfully <?
179,How might we bring wonderfully <?
180,How might we carry wonderfully <?
181,How might we exploit the Ativan?
182,How might we exploit wonderfully <?
183,How might we establish wonderfully <?
184,How might we grant wonderfully <?
185,How might we lease wonderfully <?
186,How might we contribute wonderfully <?
187,How might we render wonderfully <?
188,How might we yield wonderfully <?
189,How might we learn wonderfully <?
190,How might we resist wonderfully <?
191,How might we afford wonderfully <?
192,How might we contain wonderfully <?
193,How might we subscribe wonderfully <?
194,How might we disclaim the Ativan?
195,How might we disclaim wonderfully <?
196,How might we give wonderfully <?
197,How might we fill wonderfully <?
198,How might we receive wonderfully <?
199,How might we equal wonderfully <?
200,How might we constitute wonderfully <?
201,How might we consume the Ativan?
202,How might we consume wonderfully <?
203,How might we assume wonderfully <?
204,How might we feed wonderfully <?
205,How might we refuse wonderfully <?
206,How might we deny wonderfully <?
207,How might we function wonderfully <?
208,How might we debar the Ativan?
209,How might we debar wonderfully <?
210,How might we choose wonderfully <?
211,How might we differ wonderfully <?
212,How might we malfunction the Ativan?
213,How might we malfunction wonderfully <?
214,How might we exist wonderfully <?
215,How might we consider wonderfully <?
216,How might we own wonderfully <?
217,How might we shape wonderfully <?
218,How might we film wonderfully <?
219,How might we hold wonderfully <?
220,How might we impart the Ativan?
221,How might we impart wonderfully <?
222,How might we make wonderfully <?
223,How might we miss wonderfully <?
224,How might we pass wonderfully <?
225,How might we disagree wonderfully <?
226,How might we drive wonderfully <?
227,How might we necessitate the Ativan?
228,How might we necessitate wonderfully <?
229,How might we experience wonderfully <?
230,How might we obviate the Ativan?
231,How might we obviate wonderfully <?
232,How might we idle wonderfully <?
233,How might we abstain the Ativan?
234,How might we abstain wonderfully <?
235,How might we defy the Ativan?
236,How might we defy wonderfully <?
237,How might we accept wonderfully <?
238,How might we be wonderfully <?
239,How might we aim wonderfully <?
240,How might we induce the Ativan?
241,How might we induce wonderfully <?
242,How might we claim wonderfully <?
243,How might we work wonderfully <?
244,How might we cultivate the Ativan?
245,How might we cultivate wonderfully <?
246,How might we contract wonderfully <?
247,How might we get wonderfully <?
248,How might we sacrifice wonderfully <?
249,How might we sour the Ativan?
250,How might we sour wonderfully <?
251,How might we freak happening <?
252,How might we unmake happening <?
253,How might we dematerialize happening <?
254,How might we dematerialise happening <?
255,How might we palpate happening <?
256,How might we embody happening <?
257,How might we suffice happening <?
258,How might we dematerialize happening <?
259,How might we unmake happening <?
260,How might we be talisman <?
261,How might we be talisman <?
262,How might we differ talisman <?
263,How might we differ talisman <?
264,How might we cost talisman <?
265,How might we constitute talisman <?
266,How might we be talisman <?
267,How might we differ talisman <?
268,How might we exist talisman <?
269,How might we embody talisman <?
270,How might we disagree talisman <?
271,How might we equal talisman <?
272,How might we dislike about grit kinsman grit?
273,How might we dislike than apprehension kinsman grit?
274,How might we dislike fear kinsman grit?
275,How might we dislike overcoming fear?
276,How might we dislike overcoming anxiety?
277,How might we dislike fear <?
278,How might we vanish about grit kinsman grit?
279,How might we vanish than apprehension kinsman grit?
280,How might we vanish fear kinsman grit?
281,How might we vanish overcoming fear?
282,How might we vanish overcoming anxiety?
283,How might we vanish fear <?
284,How might we embody about grit kinsman grit?
285,How might we embody than apprehension kinsman grit?
286,How might we embody fear kinsman grit?
287,How might we embody overcoming fear?
288,How might we embody overcoming anxiety?
289,How might we embody fear <?
290,How might we compose about grit kinsman grit?
291,How might we compose than apprehension kinsman grit?
292,How might we compose fear kinsman grit?
293,How might we compose overcoming fear?
294,How might we compose overcoming anxiety?
295,How might we compose fear <?
296,How might we overwhelm about grit kinsman grit?
297,How might we overwhelm than apprehension kinsman grit?
298,How might we overwhelm fear kinsman grit?
299,How might we overwhelm overcoming fear?
300,How might we overwhelm overcoming anxiety?
301,How might we overwhelm fear <?
302,How might we flee about grit kinsman grit?
303,How might we flee than apprehension kinsman grit?
304,How might we flee fear kinsman grit?
305,How might we flee overcoming fear?
306,How might we flee overcoming anxiety?
307,How might we flee fear <?
308,How might we dislike about grit kinsman grit?
309,How might we dislike than apprehension kinsman grit?
310,How might we dislike fear kinsman grit?
311,How might we dislike overcoming fear?
312,How might we dislike overcoming anxiety?
313,How might we dislike fear <?
314,How might we abstain happy <?
315,How might we obviate happy <?
316,How might we abstain happy <?
317,How might we disclaim happy <?
318,How might we palpate happy <?
319,How might we vanish happy <?
320,How might we embody happy <?
321,How might we disclaim happy <?
322,How might we consume happy <?
323,How might we flee happy <?
324,How might we debar happy <?
325,How might we impart happy <?
326,How might we necessitate happy <?
327,How might we obviate happy <?
328,How might we abstain happy <?
329,How might we defy happy <?
330,How might we induce happy <?
331,How might we say oxytocin mccartney?
332,How might we create oxytocin mccartney?
333,How might we imagine oxytocin mccartney?
334,How might we melt oxytocin mccartney?
335,How might we melt possible <?
336,How might we ask oxytocin mccartney?
337,How might we make oxytocin mccartney?
338,How might we confuse oxytocin mccartney?
339,How might we confuse possible <?
340,How might we turn oxytocin mccartney?
341,How might we say oxytocin mccartney?
342,How might we be oxytocin mccartney?
343,How might we challenge oxytocin mccartney?
344,How might we fly oxytocin mccartney?
345,How might we plan oxytocin mccartney?
346,How might we be oxytocin mccartney?
347,How might we obviate oxytocin mccartney?
348,How might we obviate possible <?
349,How might we unmake oxytocin mccartney?
350,How might we unmake possible <?
351,How might we break oxytocin mccartney?
352,How might we unbend oxytocin mccartney?
353,How might we unbend possible <?
354,How might we differ oxytocin mccartney?
355,How might we differ oxytocin mccartney?
356,How might we cost oxytocin mccartney?
357,How might we demote oxytocin mccartney?
358,How might we demote possible <?
359,How might we take oxytocin mccartney?
360,How might we imagine oxytocin mccartney?
361,How might we better oxytocin mccartney?
362,How might we embody oxytocin mccartney?
363,How might we embody possible <?
364,How might we fly oxytocin mccartney?
365,How might we challenge oxytocin mccartney?
366,How might we allege oxytocin mccartney?
367,How might we allege possible <?
368,How might we constitute oxytocin mccartney?
369,How might we draw oxytocin mccartney?
370,How might we construct oxytocin mccartney?
371,How might we hold oxytocin mccartney?
372,How might we make oxytocin mccartney?
373,How might we pronounce oxytocin mccartney?
374,How might we pronounce possible <?
375,How might we pause oxytocin mccartney?
376,How might we pause possible <?
377,How might we twist oxytocin mccartney?
378,How might we be oxytocin mccartney?
379,How might we induce oxytocin mccartney?
380,How might we induce possible <?
381,How might we do oxytocin mccartney?
382,How might we read oxytocin mccartney?
383,How might we transgress oxytocin mccartney?
384,How might we transgress possible <?
385,How might we unbend oxytocin mccartney?
386,How might we unbend possible <?
387,How might we collapse oxytocin mccartney?
388,How might we fracture oxytocin mccartney?
389,How might we fracture possible <?
390,How might we fade oxytocin mccartney?
391,How might we fade possible <?
392,How might we turn oxytocin mccartney?
393,How might we seduce oxytocin mccartney?
394,How might we seduce possible <?
395,How might we bankrupt oxytocin mccartney?
396,How might we bankrupt possible <?
397,How might we plan oxytocin mccartney?
398,How might we gain oxytocin mccartney?
399,How might we flee oxytocin mccartney?
400,How might we flee possible <?
401,How might we plow oxytocin mccartney?
402,How might we plow possible <?
403,How might we state oxytocin mccartney?
404,How might we stool oxytocin mccartney?
405,How might we stool possible <?
406,How might we necessitate oxytocin mccartney?
407,How might we necessitate possible <?
408,How might we separate oxytocin mccartney?
409,How might we form oxytocin mccartney?
410,How might we sour oxytocin mccartney?
411,How might we sour possible <?
412,How might we crack oxytocin mccartney?
413,How might we mellow oxytocin mccartney?
414,How might we mellow possible <?
415,How might we have oxytocin mccartney?
416,How might we melt oxytocin mccartney?
417,How might we melt possible <?
418,How might we interrupt oxytocin mccartney?
419,How might we interrupt possible <?
420,How might we cause oxytocin mccartney?
421,How might we fail oxytocin mccartney?
422,How might we reach oxytocin mccartney?
423,How might we dampen oxytocin mccartney?
424,How might we dampen possible <?
425,How might we jumble oxytocin mccartney?
426,How might we jumble possible <?
427,How might we straighten oxytocin mccartney?
428,How might we straighten possible <?
429,How might we debar oxytocin mccartney?
430,How might we debar possible <?
431,How might we ask oxytocin mccartney?
432,How might we suppose oxytocin mccartney?
433,How might we order oxytocin mccartney?
434,How might we unwrap oxytocin mccartney?
435,How might we obviate oxytocin mccartney?
436,How might we obviate possible <?
437,How might we unmake oxytocin mccartney?
438,How might we unmake possible <?
439,How might we dissolve oxytocin mccartney?
440,How might we dissolve possible <?
441,How might we design oxytocin mccartney?
442,How might we think oxytocin mccartney?
443,How might we say oxytocin mccartney?
444,How might we flex oxytocin mccartney?
445,How might we break oxytocin mccartney?
446,How might we vanish oxytocin mccartney?
447,How might we vanish possible <?
448,How might we cook oxytocin mccartney?
449,How might we become oxytocin mccartney?
450,How might we create oxytocin mccartney?
451,How might we equal oxytocin mccartney?
452,How might we produce oxytocin mccartney?
453,How might we differ oxytocin mccartney?
454,How might we confuse oxytocin mccartney?
455,How might we confuse possible <?
456,How might we exist oxytocin mccartney?
457,How might we relax oxytocin mccartney?
458,How might we disagree oxytocin mccartney?
459,How might we name oxytocin mccartney?
460,How might we violate oxytocin mccartney?
461,How might we violate possible <?
462,How might we be calming jams?
463,How might we stress calming jams?
464,How might we do calming jams?
465,How might we rush calming jams?
466,How might we be calming jams?
467,How might we wait calming jams?
468,How might we remember calming jams?
469,How might we have calming jams?
470,How might we choose calming jams?
471,How might we do calming jams?
472,How might we let calming jams?
473,How might we get calming jams?
474,How might we differ calming jams?
475,How might we unmake calming jams?
476,How might we linger calming jams?
477,How might we delay calming jams?
478,How might we differ calming jams?
479,How might we forget calming jams?
480,How might we forget calming jams?
481,How might we lack calming jams?
482,How might we abstain calming jams?
483,How might we refuse calming jams?
484,How might we unmake calming jams?
485,How might we prevent calming jams?
486,How might we forbid calming jams?
487,How might we disallow calming jams?
488,How might we leave calming jams?
489,How might we end calming jams?
490,How might we cost calming jams?
491,How might we take calming jams?
492,How might we wait calming jams?
493,How might we embody calming jams?
494,How might we forbid calming jams?
495,How might we beget calming jams?
496,How might we grow calming jams?
497,How might we remember calming jams?
498,How might we expect calming jams?
499,How might we end calming jams?
500,How might we constitute calming jams?
501,How might we consume calming jams?
502,How might we draw calming jams?
503,How might we choose calming jams?
504,How might we forget calming jams?
505,How might we hold calming jams?
506,How might we miss calming jams?
507,How might we make calming jams?
508,How might we catch calming jams?
509,How might we check calming jams?
510,How might we be calming jams?
511,How might we act calming jams?
512,How might we do calming jams?
513,How might we induce calming jams?
514,How might we stay calming jams?
515,How might we hover calming jams?
516,How might we leave calming jams?
517,How might we reject calming jams?
518,How might we race calming jams?
519,How might we permit calming jams?
520,How might we remove calming jams?
521,How might we bring calming jams?
522,How might we bequeath calming jams?
523,How might we try calming jams?
524,How might we receive calming jams?
525,How might we let calming jams?
526,How might we linger calming jams?
527,How might we loiter calming jams?
528,How might we refuse calming jams?
529,How might we deny calming jams?
530,How might we impart calming jams?
531,How might we abstain calming jams?
532,How might we rush calming jams?
533,How might we get calming jams?
534,How might we contract calming jams?
535,How might we suffer calming jams?
536,How might we prevent calming jams?
537,How might we have calming jams?
538,How might we suffice calming jams?
539,How might we entrust calming jams?
540,How might we lease calming jams?
541,How might we cause calming jams?
542,How might we serve calming jams?
543,How might we exit calming jams?
544,How might we arrive calming jams?
545,How might we experience calming jams?
546,How might we drive calming jams?
547,How might we unmake calming jams?
548,How might we defy calming jams?
549,How might we accept calming jams?
550,How might we commend calming jams?
551,How might we perform calming jams?
552,How might we commemorate calming jams?
553,How might we dress calming jams?
554,How might we become calming jams?
555,How might we practice calming jams?
556,How might we resist calming jams?
557,How might we equal calming jams?
558,How might we perplex calming jams?
559,How might we differ calming jams?
560,How might we tarry calming jams?
561,How might we exist calming jams?
562,How might we own calming jams?
563,How might we scram calming jams?
564,How might we disagree calming jams?
565,How might we delay calming jams?
566,How might we stress calming jams?
567,How might we unmake dangerous <?
568,How might we embody dangerous <?
569,How might we suffice dangerous <?
570,How might we unmake dangerous <?
571,How might we criticize ever <?
572,How might we criticize ever <?
573,How might we criticize ever <?
574,How might we unmake ever <?
575,How might we unmake ever <?
576,How might we unmake ever <?
577,How might we unmake ever <?
578,How might we suffice ever <?
579,How might we criticize ever <?
580,How might we obviate about airplanes?
581,How might we obviate fine <?
582,How might we obviate about airplanes?
583,How might we obviate fine <?
584,How might we vanish about airplanes?
585,How might we vanish fine <?
586,How might we beget about airplanes?
587,How might we beget fine <?
588,How might we entrust about airplanes?
589,How might we entrust fine <?
590,How might we bequeath about airplanes?
591,How might we bequeath fine <?
592,How might we perplex about airplanes?
593,How might we perplex fine <?
594,How might we flee about airplanes?
595,How might we flee fine <?
596,How might we debar about airplanes?
597,How might we debar fine <?
598,How might we scram about airplanes?
599,How might we scram fine <?
600,How might we impart about airplanes?
601,How might we impart fine <?
602,How might we necessitate about airplanes?
603,How might we necessitate fine <?
604,How might we obviate about airplanes?
605,How might we obviate fine <?
606,How might we induce about airplanes?
607,How might we induce fine <?
608,How might we descend at altitude?
609,How might we malfunction at altitude?
610,How might we abstain at altitude?
611,How might we unmake at altitude?
612,How might we ascend at altitude?
613,How might we originate at altitude?
614,How might we embody at altitude?
615,How might we rifle at altitude?
616,How might we allege at altitude?
617,How might we derive at altitude?
618,How might we barricade at altitude?
619,How might we consume at altitude?
620,How might we malfunction at altitude?
621,How might we accede at altitude?
622,How might we pronounce at altitude?
623,How might we bide at altitude?
624,How might we induce at altitude?
625,How might we quell at altitude?
626,How might we plump at altitude?
627,How might we enroll at altitude?
628,How might we hail at altitude?
629,How might we persist at altitude?
630,How might we abstain at altitude?
631,How might we intercept at altitude?
632,How might we resurrect at altitude?
633,How might we foreswear at altitude?
634,How might we suffice at altitude?
635,How might we unmake at altitude?
636,How might we condescend at altitude?
637,How might we defy at altitude?
638,How might we depart at altitude?
639,How might we heighten at altitude?
640,How might we embark at altitude?
641,How might we descend at altitude?
642,How might we discontinue at altitude?
643,How might we ascend at altitude?
644,How might we dislike the machine/mechanism?
645,How might we dislike the machine/mechanism?
646,How might we dislike the machine/mechanism?
647,How might we originate the machine/mechanism?
648,How might we embody the machine/mechanism?
649,How might we beget the machine/mechanism?
650,How might we entrust the machine/mechanism?
651,How might we bequeath the machine/mechanism?
652,How might we allege the machine/mechanism?
653,How might we perplex the machine/mechanism?
654,How might we baby-sit the machine/mechanism?
655,How might we scram the machine/mechanism?
656,How might we pronounce the machine/mechanism?
657,How might we impart the machine/mechanism?
658,How might we induce the machine/mechanism?
659,How might we terrify head <?
660,How might we abstain head <?
661,How might we agitate head <?
662,How might we stimulate head <?
663,How might we abstain head <?
664,How might we malfunction head <?
665,How might we embody head <?
666,How might we rifle head <?
667,How might we neglect head <?
668,How might we derive head <?
669,How might we barricade head <?
670,How might we consume head <?
671,How might we stir head <?
672,How might we malfunction head <?
673,How might we induce head <?
674,How might we provoke head <?
675,How might we crusade head <?
676,How might we plump head <?
677,How might we hail head <?
678,How might we stimulate head <?
679,How might we flee head <?
680,How might we abstain head <?
681,How might we agitate head <?
682,How might we intercept head <?
683,How might we terrify head <?
684,How might we defy head <?
685,How might we vanish head <?
686,How might we dismiss head <?
687,How might we discontinue head <?
688,How might we sedate head <?
689,How might we astound flight attendants?
690,How might we backups. flight attendants?
691,How might we obviate flight attendants?
692,How might we abstain flight attendants?
693,How might we embody flight attendants?
694,How might we allege flight attendants?
695,How might we consume flight attendants?
696,How might we debar flight attendants?
697,How might we pronounce flight attendants?
698,How might we necessitate flight attendants?
699,How might we obviate flight attendants?
700,How might we abstain flight attendants?
701,How might we defy flight attendants?
702,How might we amaze flight attendants?
703,How might we induce flight attendants?
704,How might we obviate the pilots?
705,How might we abstain the pilots?
706,How might we disclaim the pilots?
707,How might we unmake the pilots?
708,How might we abstain the pilots?
709,How might we malfunction the pilots?
710,How might we unmake the pilots?
711,How might we unmake the pilots?
712,How might we palpate the pilots?
713,How might we embody the pilots?
714,How might we rifle the pilots?
715,How might we derive the pilots?
716,How might we barricade the pilots?
717,How might we consume the pilots?
718,How might we malfunction the pilots?
719,How might we induce the pilots?
720,How might we plump the pilots?
721,How might we disclaim the pilots?
722,How might we hail the pilots?
723,How might we flee the pilots?
724,How might we impart the pilots?
725,How might we necessitate the pilots?
726,How might we abstain the pilots?
727,How might we intercept the pilots?
728,How might we suffice the pilots?
729,How might we debar the pilots?
730,How might we obviate the pilots?
731,How might we unmake the pilots?
732,How might we defy the pilots?
733,How might we commend the pilots?
734,How might we educate the pilots?
735,How might we commemorate the pilots?
736,How might we vanish the pilots?
737,How might we discontinue the pilots?
738,How might we unmake well-versed in?
739,How might we unmake something dire?
740,How might we abstain well-versed in?
741,How might we abstain something dire?
742,How might we embody well-versed in?
743,How might we embody something dire?
744,How might we suffice well-versed in?
745,How might we suffice something dire?
746,How might we allege well-versed in?
747,How might we allege something dire?
748,How might we wield well-versed in?
749,How might we wield something dire?
750,How might we consume well-versed in?
751,How might we consume something dire?
752,How might we pronounce well-versed in?
753,How might we pronounce something dire?
754,How might we unmake well-versed in?
755,How might we unmake something dire?
756,How might we abstain well-versed in?
757,How might we abstain something dire?
758,How might we defy well-versed in?
759,How might we defy something dire?
760,How might we postdate well-versed in?
761,How might we postdate something dire?
762,How might we induce well-versed in?
763,How might we induce something dire?
764,How might we surveil well-versed in?
765,How might we surveil something dire?
766,How might we precede well-versed in?
767,How might we precede something dire?
768,How might we downgrade on JetBlue?
769,How might we demote on JetBlue?
770,How might we abstain on JetBlue?
771,How might we malfunction on JetBlue?
772,How might we discontinue on JetBlue?
773,How might we abstain on JetBlue?
774,How might we demote on JetBlue?
775,How might we inflame on JetBlue?
776,How might we rifle on JetBlue?
777,How might we derive on JetBlue?
778,How might we distinguish on JetBlue?
779,How might we barricade on JetBlue?
780,How might we consume on JetBlue?
781,How might we restrain on JetBlue?
782,How might we malfunction on JetBlue?
783,How might we misplace on JetBlue?
784,How might we pause on JetBlue?
785,How might we induce on JetBlue?
786,How might we transgress on JetBlue?
787,How might we fracture on JetBlue?
788,How might we plump on JetBlue?
789,How might we bankrupt on JetBlue?
790,How might we hail on JetBlue?
791,How might we awaken on JetBlue?
792,How might we abstain on JetBlue?
793,How might we intercept on JetBlue?
794,How might we interrupt on JetBlue?
795,How might we dampen on JetBlue?
796,How might we downgrade on JetBlue?
797,How might we defy on JetBlue?
798,How might we discontinue on JetBlue?
799,How might we sustain on JetBlue?
800,How might we violate on JetBlue?
801,How might we abstain stressful probably <?
802,How might we vanish stressful probably <?
803,How might we consume stressful probably <?
804,How might we flee stressful probably <?
805,How might we abstain stressful probably <?
806,How might we defy stressful probably <?
807,How might we induce stressful probably <?
808,How might we palpate irrational self?
809,How might we embody irrational self?
810,How might we dismiss irrational self?
811,How might we neglect irrational self?
812,How might we include accelerated stalls?
813,How might we be accelerated stalls?
814,How might we have accelerated stalls?
815,How might we train accelerated stalls?
816,How might we call accelerated stalls?
817,How might we stall accelerated stalls?
818,How might we angle accelerated stalls?
819,How might we pull accelerated stalls?
820,How might we exclude accelerated stalls?
821,How might we exclude accelerated stalls?
822,How might we exclude accelerated stalls?
823,How might we differ accelerated stalls?
824,How might we lack accelerated stalls?
825,How might we abstain accelerated stalls?
826,How might we refuse accelerated stalls?
827,How might we push accelerated stalls?
828,How might we repel accelerated stalls?
829,How might we cost accelerated stalls?
830,How might we suffer accelerated stalls?
831,How might we exclude accelerated stalls?
832,How might we tug accelerated stalls?
833,How might we fish accelerated stalls?
834,How might we disgust accelerated stalls?
835,How might we coach accelerated stalls?
836,How might we rebuff accelerated stalls?
837,How might we take accelerated stalls?
838,How might we pluck accelerated stalls?
839,How might we reject accelerated stalls?
840,How might we have accelerated stalls?
841,How might we rend accelerated stalls?
842,How might we embody accelerated stalls?
843,How might we predict accelerated stalls?
844,How might we advertise accelerated stalls?
845,How might we press accelerated stalls?
846,How might we prepare accelerated stalls?
847,How might we train accelerated stalls?
848,How might we include accelerated stalls?
849,How might we eject accelerated stalls?
850,How might we resist accelerated stalls?
851,How might we extract accelerated stalls?
852,How might we bar accelerated stalls?
853,How might we procrastinate accelerated stalls?
854,How might we slant accelerated stalls?
855,How might we pull accelerated stalls?
856,How might we attract accelerated stalls?
857,How might we repel accelerated stalls?
858,How might we receive accelerated stalls?
859,How might we equal accelerated stalls?
860,How might we crusade accelerated stalls?
861,How might we angle accelerated stalls?
862,How might we constitute accelerated stalls?
863,How might we consume accelerated stalls?
864,How might we draw accelerated stalls?
865,How might we refuse accelerated stalls?
866,How might we deny accelerated stalls?
867,How might we bid accelerated stalls?
868,How might we differ accelerated stalls?
869,How might we exist accelerated stalls?
870,How might we own accelerated stalls?
871,How might we perpetrate accelerated stalls?
872,How might we hold accelerated stalls?
873,How might we miss accelerated stalls?
874,How might we disagree accelerated stalls?
875,How might we experience accelerated stalls?
876,How might we visit accelerated stalls?
877,How might we name accelerated stalls?
878,How might we lean accelerated stalls?
879,How might we abstain accelerated stalls?
880,How might we defy accelerated stalls?
881,How might we accept accelerated stalls?
882,How might we be accelerated stalls?
883,How might we induce accelerated stalls?
884,How might we aim accelerated stalls?
885,How might we educate accelerated stalls?
886,How might we push accelerated stalls?
887,How might we trail accelerated stalls?
888,How might we admit accelerated stalls?
889,How might we stall accelerated stalls?
890,How might we get accelerated stalls?
891,How might we discipline accelerated stalls?
892,How might we call accelerated stalls?
893,How might we shout accelerated stalls?
894,How might we address accelerated stalls?
895,How might we palpate ingrained in?
896,How might we embody ingrained in?
897,How might we discontinue about <?
898,How might we reassure about <?
899,How might we reassure about <?
900,How might we reassure about <?
901,How might we demote about <?
902,How might we fracture about <?
903,How might we embody about <?
904,How might we interrupt about <?
905,How might we discontinue about <?
906,How might we dampen about <?
907,How might we bankrupt about <?
908,How might we restrain about <?
909,How might we tease about <?
910,How might we misplace about <?
911,How might we reassure about <?
912,How might we sustain about <?
913,How might we pause about <?
914,How might we violate about <?
915,How might we transgress about <?
916,How might we abstain most <?
917,How might we abstain most <?
918,How might we abstain most <?
919,How might we dematerialize most <?
920,How might we dematerialise most <?
921,How might we disinherit most <?
922,How might we unmake most <?
923,How might we embody most <?
924,How might we suffice most <?
925,How might we embark most <?
926,How might we entrust most <?
927,How might we dismiss most <?
928,How might we neglect most <?
929,How might we bequeath most <?
930,How might we dematerialize most <?
931,How might we enroll most <?
932,How might we disinherit most <?
933,How might we consume most <?
934,How might we impart most <?
935,How might we accede most <?
936,How might we unmake most <?
937,How might we abstain most <?
938,How might we defy most <?
939,How might we induce most <?
940,How might we deprive in sweat?
941,How might we uncover in sweat?
942,How might we enrich in sweat?
943,How might we malfunction in sweat?
944,How might we embrace in sweat?
945,How might we vanish in sweat?
946,How might we brood in sweat?
947,How might we palpate in sweat?
948,How might we rifle in sweat?
949,How might we plump in sweat?
950,How might we discontinue in sweat?
951,How might we derive in sweat?
952,How might we deprive in sweat?
953,How might we hail in sweat?
954,How might we barricade in sweat?
955,How might we flee in sweat?
956,How might we malfunction in sweat?
957,How might we uncover in sweat?
958,How might we enrich in sweat?
959,How might we overlay in sweat?
960,How might we intercept in sweat?
961,How might we traverse in sweat?
962,How might we shroud in sweat?
963,How might we cheaply cross oceans?
964,How might we obviate cross oceans?
965,How might we abstain cross oceans?
966,How might we disclaim cross oceans?
967,How might we vanish cross oceans?
968,How might we disclaim cross oceans?
969,How might we consume cross oceans?
970,How might we flee cross oceans?
971,How might we debar cross oceans?
972,How might we impart cross oceans?
973,How might we necessitate cross oceans?
974,How might we obviate cross oceans?
975,How might we abstain cross oceans?
976,How might we defy cross oceans?
977,How might we unmake therapist <?
978,How might we malfunction therapist <?
979,How might we abstain therapist <?
980,How might we unmake therapist <?
981,How might we malfunction therapist <?
982,How might we knead therapist <?
983,How might we ferment therapist <?
984,How might we embody therapist <?
985,How might we suffice therapist <?
986,How might we exploit therapist <?
987,How might we allege therapist <?
988,How might we consume therapist <?
989,How might we malfunction therapist <?
990,How might we pronounce therapist <?
991,How might we unmake therapist <?
992,How might we abstain therapist <?
993,How might we defy therapist <?
994,How might we induce therapist <?
995,How might we cultivate therapist <?
996,How might we sour therapist <?
997,How might we be ativan claustrophobia?
998,How might we fly ativan claustrophobia?
999,How might we prompt ativan claustrophobia?
1000,How might we seek ativan claustrophobia?
1001,How might we prescribe ativan claustrophobia?
1002,How might we help ativan claustrophobia?
1003,How might we overcome ativan claustrophobia?
1004,How might we be ativan claustrophobia?
1005,How might we have ativan claustrophobia?
1006,How might we be ativan claustrophobia?
1007,How might we prescribe ativan claustrophobia?
1008,How might we be ativan claustrophobia?
1009,How might we fly ativan claustrophobia?
1010,How might we have ativan claustrophobia?
1011,How might we cause ativan claustrophobia?
1012,How might we consider ativan claustrophobia?
1013,How might we leave ativan claustrophobia?
1014,How might we have ativan claustrophobia?
1015,How might we claustrophobia ativan claustrophobia?
1016,How might we please ativan claustrophobia?
1017,How might we differ ativan claustrophobia?
1018,How might we differ ativan claustrophobia?
1019,How might we lack ativan claustrophobia?
1020,How might we abstain ativan claustrophobia?
1021,How might we refuse ativan claustrophobia?
1022,How might we differ ativan claustrophobia?
1023,How might we differ ativan claustrophobia?
1024,How might we lack ativan claustrophobia?
1025,How might we abstain ativan claustrophobia?
1026,How might we refuse ativan claustrophobia?
1027,How might we arrive ativan claustrophobia?
1028,How might we enter ativan claustrophobia?
1029,How might we disinherit ativan claustrophobia?
1030,How might we lack ativan claustrophobia?
1031,How might we abstain ativan claustrophobia?
1032,How might we refuse ativan claustrophobia?
1033,How might we displease ativan claustrophobia?
1034,How might we cost ativan claustrophobia?
1035,How might we suffer ativan claustrophobia?
1036,How might we leave ativan claustrophobia?
1037,How might we insert ativan claustrophobia?
1038,How might we figure ativan claustrophobia?
1039,How might we take ativan claustrophobia?
1040,How might we reject ativan claustrophobia?
1041,How might we overcome ativan claustrophobia?
1042,How might we have ativan claustrophobia?
1043,How might we study ativan claustrophobia?
1044,How might we vanish ativan claustrophobia?
1045,How might we displease ativan claustrophobia?
1046,How might we embody ativan claustrophobia?
1047,How might we fly ativan claustrophobia?
1048,How might we embark ativan claustrophobia?
1049,How might we entrust ativan claustrophobia?
1050,How might we bequeath ativan claustrophobia?
1051,How might we cause ativan claustrophobia?
1052,How might we please ativan claustrophobia?
1053,How might we resist ativan claustrophobia?
1054,How might we record ativan claustrophobia?
1055,How might we serve ativan claustrophobia?
1056,How might we motivate ativan claustrophobia?
1057,How might we avail ativan claustrophobia?
1058,How might we try ativan claustrophobia?
1059,How might we view ativan claustrophobia?
1060,How might we help oneself ativan claustrophobia?
1061,How might we receive ativan claustrophobia?
1062,How might we equal ativan claustrophobia?
1063,How might we enroll ativan claustrophobia?
1064,How might we constitute ativan claustrophobia?
1065,How might we disinherit ativan claustrophobia?
1066,How might we help ativan claustrophobia?
1067,How might we consume ativan claustrophobia?
1068,How might we refuse ativan claustrophobia?
1069,How might we overwhelm ativan claustrophobia?
1070,How might we flee ativan claustrophobia?
1071,How might we deny ativan claustrophobia?
1072,How might we prompt ativan claustrophobia?
1073,How might we exit ativan claustrophobia?
1074,How might we differ ativan claustrophobia?
1075,How might we exist ativan claustrophobia?
1076,How might we consider ativan claustrophobia?
1077,How might we own ativan claustrophobia?
1078,How might we see ativan claustrophobia?
1079,How might we forget ativan claustrophobia?
1080,How might we arrive ativan claustrophobia?
1081,How might we seek ativan claustrophobia?
1082,How might we order ativan claustrophobia?
1083,How might we hold ativan claustrophobia?
1084,How might we impart ativan claustrophobia?
1085,How might we regard ativan claustrophobia?
1086,How might we miss ativan claustrophobia?
1087,How might we accede ativan claustrophobia?
1088,How might we disagree ativan claustrophobia?
1089,How might we experience ativan claustrophobia?
1090,How might we abstain ativan claustrophobia?
1091,How might we defy ativan claustrophobia?
1092,How might we accept ativan claustrophobia?
1093,How might we think ativan claustrophobia?
1094,How might we enter ativan claustrophobia?
1095,How might we be ativan claustrophobia?
1096,How might we induce ativan claustrophobia?
1097,How might we get ativan claustrophobia?
1098,How might we search ativan claustrophobia?
1099,How might we unmake mccartney i?
1100,How might we unmake an anxious flier?
1101,How might we memorize mccartney i?
1102,How might we memorize an anxious flier?
1103,How might we vanish mccartney i?
1104,How might we vanish an anxious flier?
1105,How might we suffice mccartney i?
1106,How might we suffice an anxious flier?
1107,How might we manipulate mccartney i?
1108,How might we manipulate an anxious flier?
1109,How might we allege mccartney i?
1110,How might we allege an anxious flier?
1111,How might we flee mccartney i?
1112,How might we flee an anxious flier?
1113,How might we pronounce mccartney i?
1114,How might we pronounce an anxious flier?
1115,How might we unmake mccartney i?
1116,How might we unmake an anxious flier?
1117,How might we agitate shaking xanax?
1118,How might we stimulate shaking xanax?
1119,How might we airlift shaking xanax?
1120,How might we palpate shaking xanax?
1121,How might we rustle shaking xanax?
1122,How might we embody shaking xanax?
1123,How might we plagiarize shaking xanax?
1124,How might we dally shaking xanax?
1125,How might we revoke shaking xanax?
1126,How might we judder shaking xanax?
1127,How might we descend shaking xanax?
1128,How might we hoist shaking xanax?
1129,How might we allege shaking xanax?
1130,How might we frown shaking xanax?
1131,How might we stimulate shaking xanax?
1132,How might we precipitate shaking xanax?
1133,How might we stir shaking xanax?
1134,How might we accrue shaking xanax?
1135,How might we sedate shaking xanax?
1136,How might we pronounce shaking xanax?
1137,How might we agitate shaking xanax?
1138,How might we face-lift shaking xanax?
1139,How might we induce shaking xanax?
1140,How might we provoke shaking xanax?
1141,How might we pilfer shaking xanax?
1142,How might we crusade shaking xanax?
1143,How might we obviate landing <?
1144,How might we abstain landing <?
1145,How might we disclaim landing <?
1146,How might we obviate landing <?
1147,How might we abstain landing <?
1148,How might we disclaim landing <?
1149,How might we pluck landing <?
1150,How might we disclaim landing <?
1151,How might we consume landing <?
1152,How might we debar landing <?
1153,How might we impart landing <?
1154,How might we necessitate landing <?
1155,How might we obviate landing <?
1156,How might we abstain landing <?
1157,How might we defy landing <?
1158,How might we unmake on <?
1159,How might we discourage on <?
1160,How might we discourage on <?
1161,How might we unmake on <?
1162,How might we refrain on <?
1163,How might we demote on <?
1164,How might we embody on <?
1165,How might we beget on <?
1166,How might we refrain on <?
1167,How might we allege on <?
1168,How might we discourage on <?
1169,How might we pronounce on <?
1170,How might we bide on <?
1171,How might we pause on <?
1172,How might we induce on <?
1173,How might we transgress on <?
1174,How might we quell on <?
1175,How might we memorize on <?
1176,How might we fracture on <?
1177,How might we seduce on <?
1178,How might we bequeath on <?
1179,How might we bankrupt on <?
1180,How might we warn on <?
1181,How might we flee on <?
1182,How might we persist on <?
1183,How might we impart on <?
1184,How might we stool on <?
1185,How might we abstain on <?
1186,How might we perch on <?
1187,How might we interrupt on <?
1188,How might we entrust on <?
1189,How might we heed on <?
1190,How might we dampen on <?
1191,How might we motivate on <?
1192,How might we unmake on <?
1193,How might we commend on <?
1194,How might we commemorate on <?
1195,How might we vanish on <?
1196,How might we beware on <?
1197,How might we perplex on <?
1198,How might we scram on <?
1199,How might we deter on <?
1200,How might we violate on <?
1201,How might we rationalise an incredibly irrational?
1202,How might we refrain an incredibly irrational?
1203,How might we obviate an incredibly irrational?
1204,How might we obviate an incredibly irrational?
1205,How might we abstain an incredibly irrational?
1206,How might we disclaim an incredibly irrational?
1207,How might we evolve an incredibly irrational?
1208,How might we originate an incredibly irrational?
1209,How might we embody an incredibly irrational?
1210,How might we refrain an incredibly irrational?
1211,How might we consume an incredibly irrational?
1212,How might we bide an incredibly irrational?
1213,How might we apologize an incredibly irrational?
1214,How might we quell an incredibly irrational?
1215,How might we disclaim an incredibly irrational?
1216,How might we explicate an incredibly irrational?
1217,How might we flee an incredibly irrational?
1218,How might we persist an incredibly irrational?
1219,How might we impart an incredibly irrational?
1220,How might we necessitate an incredibly irrational?
1221,How might we abstain an incredibly irrational?
1222,How might we perch an incredibly irrational?
1223,How might we modernize an incredibly irrational?
1224,How might we motivate an incredibly irrational?
1225,How might we debar an incredibly irrational?
1226,How might we obviate an incredibly irrational?
1227,How might we defy an incredibly irrational?
1228,How might we imply an incredibly irrational?
1229,How might we vanish an incredibly irrational?
1230,How might we compose an incredibly irrational?
1231,How might we rationalize an incredibly irrational?
1232,How might we avail an incredibly irrational?
1233,How might we depart the reactors?
1234,How might we abstain the reactors?
1235,How might we originate the reactors?
1236,How might we sidetrack the reactors?
1237,How might we embody the reactors?
1238,How might we allege the reactors?
1239,How might we barricade the reactors?
1240,How might we consume the reactors?
1241,How might we wangle the reactors?
1242,How might we pronounce the reactors?
1243,How might we bide the reactors?
1244,How might we induce the reactors?
1245,How might we quell the reactors?
1246,How might we deepen the reactors?
1247,How might we wield the reactors?
1248,How might we concede the reactors?
1249,How might we persist the reactors?
1250,How might we abstain the reactors?
1251,How might we intercept the reactors?
1252,How might we startle the reactors?
1253,How might we succumb the reactors?
1254,How might we motivate the reactors?
1255,How might we baby-sit the reactors?
1256,How might we defy the reactors?
1257,How might we depart the reactors?
1258,How might we oversee the reactors?
1259,How might we deviate the reactors?
1260,How might we discontinue the reactors?
1261,How might we malfunction wrong <?
1262,How might we malfunction wrong <?
1263,How might we malfunction wrong <?
1264,How might we malfunction wrong <?
1265,How might we rifle wrong <?
1266,How might we plump wrong <?
1267,How might we discontinue wrong <?
1268,How might we allege wrong <?
1269,How might we derive wrong <?
1270,How might we barricade wrong <?
1271,How might we hail wrong <?
1272,How might we malfunction wrong <?
1273,How might we pronounce wrong <?
1274,How might we intercept wrong <?
1275,How might we use nervousness turbulence?
1276,How might we help nervousness turbulence?
1277,How might we reduce nervousness turbulence?
1278,How might we bother nervousness turbulence?
1279,How might we have nervousness turbulence?
1280,How might we help nervousness turbulence?
1281,How might we too. nervousness turbulence?
1282,How might we oxidize nervousness turbulence?
1283,How might we oxidise nervousness turbulence?
1284,How might we expand nervousness turbulence?
1285,How might we gain nervousness turbulence?
1286,How might we lack nervousness turbulence?
1287,How might we abstain nervousness turbulence?
1288,How might we refuse nervousness turbulence?
1289,How might we suffer nervousness turbulence?
1290,How might we extend nervousness turbulence?
1291,How might we take nervousness turbulence?
1292,How might we boil down nervousness turbulence?
1293,How might we reject nervousness turbulence?
1294,How might we have nervousness turbulence?
1295,How might we practice nervousness turbulence?
1296,How might we expand nervousness turbulence?
1297,How might we bother nervousness turbulence?
1298,How might we deoxidize nervousness turbulence?
1299,How might we trouble nervousness turbulence?
1300,How might we resist nervousness turbulence?
1301,How might we advance nervousness turbulence?
1302,How might we reach nervousness turbulence?
1303,How might we serve nervousness turbulence?
1304,How might we derive nervousness turbulence?
1305,How might we explode nervousness turbulence?
1306,How might we profit nervousness turbulence?
1307,How might we avail nervousness turbulence?
1308,How might we help oneself nervousness turbulence?
1309,How might we receive nervousness turbulence?
1310,How might we gain nervousness turbulence?
1311,How might we help nervousness turbulence?
1312,How might we consume nervousness turbulence?
1313,How might we repress nervousness turbulence?
1314,How might we refuse nervousness turbulence?
1315,How might we deny nervousness turbulence?
1316,How might we own nervousness turbulence?
1317,How might we trouble oneself nervousness turbulence?
1318,How might we shrink nervousness turbulence?
1319,How might we hold nervousness turbulence?
1320,How might we miss nervousness turbulence?
1321,How might we experience nervousness turbulence?
1322,How might we inflate nervousness turbulence?
1323,How might we boom nervousness turbulence?
1324,How might we puff nervousness turbulence?
1325,How might we abstain nervousness turbulence?
1326,How might we defy nervousness turbulence?
1327,How might we dilute nervousness turbulence?
1328,How might we annoy nervousness turbulence?
1329,How might we accept nervousness turbulence?
1330,How might we acquire nervousness turbulence?
1331,How might we induce nervousness turbulence?
1332,How might we oxidize nervousness turbulence?
1333,How might we use nervousness turbulence?
1334,How might we reduce nervousness turbulence?
1335,How might we embroider nervousness turbulence?
1336,How might we get nervousness turbulence?
1337,How might we abridge nervousness turbulence?
1338,How might we oxidise nervousness turbulence?
1339,How might we elaborate nervousness turbulence?
1340,How might we have redesigned <?
1341,How might we have redesigned <?
1342,How might we be redesigned <?
1343,How might we redesign redesigned <?
1344,How might we redesign redesigned <?
1345,How might we have redesigned <?
1346,How might we be redesigned <?
1347,How might we redesign redesigned <?
1348,How might we lack redesigned <?
1349,How might we abstain redesigned <?
1350,How might we refuse redesigned <?
1351,How might we lack redesigned <?
1352,How might we abstain redesigned <?
1353,How might we refuse redesigned <?
1354,How might we differ redesigned <?
1355,How might we lack redesigned <?
1356,How might we abstain redesigned <?
1357,How might we refuse redesigned <?
1358,How might we differ redesigned <?
1359,How might we suffer redesigned <?
1360,How might we cost redesigned <?
1361,How might we take redesigned <?
1362,How might we reject redesigned <?
1363,How might we have redesigned <?
1364,How might we embody redesigned <?
1365,How might we resist redesigned <?
1366,How might we receive redesigned <?
1367,How might we equal redesigned <?
1368,How might we constitute redesigned <?
1369,How might we consume redesigned <?
1370,How might we refuse redesigned <?
1371,How might we deny redesigned <?
1372,How might we redesign redesigned <?
1373,How might we differ redesigned <?
1374,How might we exist redesigned <?
1375,How might we own redesigned <?
1376,How might we hold redesigned <?
1377,How might we miss redesigned <?
1378,How might we disagree redesigned <?
1379,How might we experience redesigned <?
1380,How might we abstain redesigned <?
1381,How might we defy redesigned <?
1382,How might we accept redesigned <?
1383,How might we be redesigned <?
1384,How might we induce redesigned <?
1385,How might we get redesigned <?
1386,How might we reinforce cockpit doors?
1387,How might we reinforce cockpit doors?
1388,How might we abstain cockpit doors?
1389,How might we unmake cockpit doors?
1390,How might we discourage cockpit doors?
1391,How might we unmake cockpit doors?
1392,How might we malfunction cockpit doors?
1393,How might we demote cockpit doors?
1394,How might we embody cockpit doors?
1395,How might we rifle cockpit doors?
1396,How might we derive cockpit doors?
1397,How might we barricade cockpit doors?
1398,How might we consume cockpit doors?
1399,How might we malfunction cockpit doors?
1400,How might we discourage cockpit doors?
1401,How might we pause cockpit doors?
1402,How might we induce cockpit doors?
1403,How might we transgress cockpit doors?
1404,How might we crusade cockpit doors?
1405,How might we fracture cockpit doors?
1406,How might we contend cockpit doors?
1407,How might we plump cockpit doors?
1408,How might we seduce cockpit doors?
1409,How might we bankrupt cockpit doors?
1410,How might we hail cockpit doors?
1411,How might we warn cockpit doors?
1412,How might we stool cockpit doors?
1413,How might we abstain cockpit doors?
1414,How might we intercept cockpit doors?
1415,How might we suffice cockpit doors?
1416,How might we interrupt cockpit doors?
1417,How might we dampen cockpit doors?
1418,How might we unmake cockpit doors?
1419,How might we defy cockpit doors?
1420,How might we reinforce cockpit doors?
1421,How might we populate cockpit doors?
1422,How might we discontinue cockpit doors?
1423,How might we deter cockpit doors?
1424,How might we violate cockpit doors?
1425,How might we embody airplane pilots?
1426,How might we allege airplane pilots?
1427,How might we pronounce airplane pilots?
1428,How might we educate airplane pilots?
1429,How might we abstain greene pilots?
1430,How might we obviate greene pilots?
1431,How might we abstain greene pilots?
1432,How might we disclaim greene pilots?
1433,How might we obviate greene pilots?
1434,How might we abstain greene pilots?
1435,How might we disclaim greene pilots?
1436,How might we malfunction greene pilots?
1437,How might we unmake greene pilots?
1438,How might we abstain greene pilots?
1439,How might we obviate greene pilots?
1440,How might we abstain greene pilots?
1441,How might we disclaim greene pilots?
1442,How might we embody greene pilots?
1443,How might we rifle greene pilots?
1444,How might we derive greene pilots?
1445,How might we barricade greene pilots?
1446,How might we consume greene pilots?
1447,How might we malfunction greene pilots?
1448,How might we induce greene pilots?
1449,How might we plump greene pilots?
1450,How might we disclaim greene pilots?
1451,How might we hail greene pilots?
1452,How might we impart greene pilots?
1453,How might we necessitate greene pilots?
1454,How might we abstain greene pilots?
1455,How might we intercept greene pilots?
1456,How might we suffice greene pilots?
1457,How might we debar greene pilots?
1458,How might we obviate greene pilots?
1459,How might we unmake greene pilots?
1460,How might we defy greene pilots?
1461,How might we discontinue greene pilots?
1462,How might we unmake that <?
1463,How might we abstain that <?
1464,How might we entail that <?
1465,How might we embody that <?
1466,How might we suffice that <?
1467,How might we dismiss that <?
1468,How might we neglect that <?
1469,How might we consume that <?
1470,How might we unmake that <?
1471,How might we abstain that <?
1472,How might we defy that <?
1473,How might we induce that <?
1474,How might we sweat rational <?
1475,How might we sweat rational <?
1476,How might we wont rational <?
1477,How might we unmake rational <?
1478,How might we unmake rational <?
1479,How might we demote rational <?
1480,How might we embody rational <?
1481,How might we beget rational <?
1482,How might we misplace rational <?
1483,How might we pause rational <?
1484,How might we induce rational <?
1485,How might we transgress rational <?
1486,How might we fracture rational <?
1487,How might we seduce rational <?
1488,How might we bequeath rational <?
1489,How might we bankrupt rational <?
1490,How might we impart rational <?
1491,How might we stool rational <?
1492,How might we sweat rational <?
1493,How might we entrust rational <?
1494,How might we interrupt rational <?
1495,How might we dampen rational <?
1496,How might we unmake rational <?
1497,How might we perplex rational <?
1498,How might we scram rational <?
1499,How might we violate rational <?
1500,How might we malfunction okay <?
1501,How might we unmake okay <?
1502,How might we mistrust okay <?
1503,How might we embody okay <?
1504,How might we rifle okay <?
1505,How might we derive okay <?
1506,How might we barricade okay <?
1507,How might we malfunction okay <?
1508,How might we crusade okay <?
1509,How might we pluck okay <?
1510,How might we plump okay <?
1511,How might we hail okay <?
1512,How might we flee okay <?
1513,How might we reassure okay <?
1514,How might we intercept okay <?
1515,How might we tug okay <?
1516,How might we suffice okay <?
1517,How might we entrust okay <?
1518,How might we coerce okay <?
1519,How might we unmake okay <?
1520,How might we vanish okay <?
1521,How might we rend okay <?
1522,How might we impel okay <?
1523,How might we discontinue okay <?
1524,How might we avail okay <?
1525,How might we perpetrate okay <?
1526,How might we wedge okay <?
1527,How might we distrust okay <?
1528,How might we malfunction spot-on planes?
1529,How might we knead spot-on planes?
1530,How might we ferment spot-on planes?
1531,How might we vanish spot-on planes?
1532,How might we embody spot-on planes?
1533,How might we exploit spot-on planes?
1534,How might we beget spot-on planes?
1535,How might we entrust spot-on planes?
1536,How might we bequeath spot-on planes?
1537,How might we allege spot-on planes?
1538,How might we avail spot-on planes?
1539,How might we perplex spot-on planes?
1540,How might we flee spot-on planes?
1541,How might we malfunction spot-on planes?
1542,How might we scram spot-on planes?
1543,How might we impart spot-on planes?
1544,How might we pronounce spot-on planes?
1545,How might we induce spot-on planes?
1546,How might we cultivate spot-on planes?
1547,How might we sour spot-on planes?
1548,How might we unmake doing <?
1549,How might we obviate doing <?
1550,How might we abstain doing <?
1551,How might we disclaim doing <?
1552,How might we unmake doing <?
1553,How might we embody doing <?
1554,How might we allege doing <?
1555,How might we consume doing <?
1556,How might we pronounce doing <?
1557,How might we disclaim doing <?
1558,How might we flee doing <?
1559,How might we impart doing <?
1560,How might we necessitate doing <?
1561,How might we abstain doing <?
1562,How might we suffice doing <?
1563,How might we heed doing <?
1564,How might we debar doing <?
1565,How might we obviate doing <?
1566,How might we unmake doing <?
1567,How might we defy doing <?
1568,How might we commend doing <?
1569,How might we commemorate doing <?
1570,How might we vanish doing <?
1571,How might we beware doing <?
1572,How might we bore getting restless?
1573,How might we bore getting restless?
1574,How might we bore getting restless?
1575,How might we bore getting restless?
1576,How might we bore getting restless?
1577,How might we bore getting restless?
1578,How might we bore getting restless?
1579,How might we bore getting restless?
1580,How might we bore getting restless?
1581,How might we unmake getting restless?
1582,How might we unmake getting restless?
1583,How might we unmake getting restless?
1584,How might we suffice getting restless?
1585,How might we suffice getting restless?
1586,How might we suffice getting restless?
1587,How might we beget getting restless?
1588,How might we beget getting restless?
1589,How might we beget getting restless?
1590,How might we dally getting restless?
1591,How might we dally getting restless?
1592,How might we dally getting restless?
1593,How might we entrust getting restless?
1594,How might we entrust getting restless?
1595,How might we entrust getting restless?
1596,How might we bequeath getting restless?
1597,How might we bequeath getting restless?
1598,How might we bequeath getting restless?
1599,How might we bore getting restless?
1600,How might we bore getting restless?
1601,How might we bore getting restless?
1602,How might we perplex getting restless?
1603,How might we perplex getting restless?
1604,How might we perplex getting restless?
1605,How might we scram getting restless?
1606,How might we scram getting restless?
1607,How might we scram getting restless?
1608,How might we misplace getting restless?
1609,How might we misplace getting restless?
1610,How might we misplace getting restless?
1611,How might we impart getting restless?
1612,How might we impart getting restless?
1613,How might we impart getting restless?
1614,How might we unmake getting restless?
1615,How might we unmake getting restless?
1616,How might we unmake getting restless?
1617,How might we behave getting restless?
1618,How might we behave getting restless?
1619,How might we behave getting restless?
1620,How might we induce getting restless?
1621,How might we induce getting restless?
1622,How might we induce getting restless?
1623,How might we unmake high-profile incident?
1624,How might we obviate high-profile incident?
1625,How might we abstain high-profile incident?
1626,How might we disclaim high-profile incident?
1627,How might we starve high-profile incident?
1628,How might we crave high-profile incident?
1629,How might we entail high-profile incident?
1630,How might we suffice high-profile incident?
1631,How might we starve high-profile incident?
1632,How might we allege high-profile incident?
1633,How might we disclaim high-profile incident?
1634,How might we consume high-profile incident?
1635,How might we debar high-profile incident?
1636,How might we impart high-profile incident?
1637,How might we pronounce high-profile incident?
1638,How might we necessitate high-profile incident?
1639,How might we unmake high-profile incident?
1640,How might we obviate high-profile incident?
1641,How might we defy high-profile incident?
1642,How might we abstain high-profile incident?
1643,How might we be downright impeccable?
1644,How might we kill downright impeccable?
1645,How might we bore downright impeccable?
1646,How might we bore edward mcgahey <?
1647,How might we be downright impeccable?
1648,How might we say downright impeccable?
1649,How might we dr. downright impeccable?
1650,How might we differ downright impeccable?
1651,How might we interest downright impeccable?
1652,How might we differ downright impeccable?
1653,How might we cost downright impeccable?
1654,How might we concern downright impeccable?
1655,How might we say downright impeccable?
1656,How might we embody downright impeccable?
1657,How might we embody edward mcgahey <?
1658,How might we wear downright impeccable?
1659,How might we yield downright impeccable?
1660,How might we allege downright impeccable?
1661,How might we allege edward mcgahey <?
1662,How might we bore downright impeccable?
1663,How might we bore edward mcgahey <?
1664,How might we equal downright impeccable?
1665,How might we constitute downright impeccable?
1666,How might we toss off downright impeccable?
1667,How might we differ downright impeccable?
1668,How might we exist downright impeccable?
1669,How might we hold downright impeccable?
1670,How might we state downright impeccable?
1671,How might we suppose downright impeccable?
1672,How might we order downright impeccable?
1673,How might we interest downright impeccable?
1674,How might we pronounce downright impeccable?
1675,How might we pronounce edward mcgahey <?
1676,How might we disagree downright impeccable?
1677,How might we kill downright impeccable?
1678,How might we bear downright impeccable?
1679,How might we digest downright impeccable?
1680,How might we behave downright impeccable?
1681,How might we behave edward mcgahey <?
1682,How might we be downright impeccable?
1683,How might we read downright impeccable?
1684,How might we rethink troubled rudder history?
1685,How might we built/maintained troubled rudder history?
1686,How might we contraindicate troubled rudder history?
1687,How might we contraindicate troubled rudder history?
1688,How might we obviate troubled rudder history?
1689,How might we unfasten troubled rudder history?
1690,How might we tug troubled rudder history?
1691,How might we demote troubled rudder history?
1692,How might we fracture troubled rudder history?
1693,How might we pluck troubled rudder history?
1694,How might we rend troubled rudder history?
1695,How might we bespeak troubled rudder history?
1696,How might we impel troubled rudder history?
1697,How might we embody troubled rudder history?
1698,How might we interrupt troubled rudder history?
1699,How might we allege troubled rudder history?
1700,How might we contraindicate troubled rudder history?
1701,How might we dampen troubled rudder history?
1702,How might we bankrupt troubled rudder history?
1703,How might we sterilize troubled rudder history?
1704,How might we unfasten troubled rudder history?
1705,How might we debar troubled rudder history?
1706,How might we rethink troubled rudder history?
1707,How might we fasten troubled rudder history?
1708,How might we coerce troubled rudder history?
1709,How might we perpetrate troubled rudder history?
1710,How might we pronounce troubled rudder history?
1711,How might we wedge troubled rudder history?
1712,How might we necessitate troubled rudder history?
1713,How might we obviate troubled rudder history?
1714,How might we pause troubled rudder history?
1715,How might we educate troubled rudder history?
1716,How might we violate troubled rudder history?
1717,How might we transgress troubled rudder history?
1718,How might we situate troubled rudder history?
1719,How might we crusade troubled rudder history?
1720,How might we fixate troubled rudder history?
1721,How might we oncoming safe <?
1722,How might we unmake safe <?
1723,How might we unmake safe <?
1724,How might we tug safe <?
1725,How might we demote safe <?
1726,How might we fracture safe <?
1727,How might we embody safe <?
1728,How might we interrupt safe <?
1729,How might we seduce safe <?
1730,How might we inaugurate safe <?
1731,How might we allege safe <?
1732,How might we repel safe <?
1733,How might we dampen safe <?
1734,How might we bankrupt safe <?
1735,How might we pronounce safe <?
1736,How might we stool safe <?
1737,How might we unmake safe <?
1738,How might we pause safe <?
1739,How might we induce safe <?
1740,How might we violate safe <?
1741,How might we transgress safe <?
1742,How might we precede safe <?
1743,How might we aren  t?
1744,How might we obviate  t?
1745,How might we abstain  t?
1746,How might we disclaim  t?
1747,How might we reassure  t?
1748,How might we reassure  t?
1749,How might we vanish  t?
1750,How might we embody  t?
1751,How might we disclaim  t?
1752,How might we consume  t?
1753,How might we flee  t?
1754,How might we debar  t?
1755,How might we impart  t?
1756,How might we necessitate  t?
1757,How might we obviate  t?
1758,How might we reassure  t?
1759,How might we abstain  t?
1760,How might we defy  t?
1761,How might we tug plane crashes?
1762,How might we flee plane crashes?
1763,How might we repel plane crashes?
1764,How might we vanish plane crashes?
1765,How might we embody plane crashes?
1766,How might we abstain sutter i?
1767,How might we malfunction sutter i?
1768,How might we dissociate sutter i?
1769,How might we dissociate sutter i?
1770,How might we palpate sutter i?
1771,How might we embody sutter i?
1772,How might we rifle sutter i?
1773,How might we allege sutter i?
1774,How might we derive sutter i?
1775,How might we barricade sutter i?
1776,How might we consume sutter i?
1777,How might we malfunction sutter i?
1778,How might we pronounce sutter i?
1779,How might we induce sutter i?
1780,How might we plump sutter i?
1781,How might we hail sutter i?
1782,How might we overwhelm sutter i?
1783,How might we abstain sutter i?
1784,How might we dissociate sutter i?
1785,How might we intercept sutter i?
1786,How might we disassociate sutter i?
1787,How might we defy sutter i?
1788,How might we decouple sutter i?
1789,How might we discontinue sutter i?
1790,How might we sympathize statistics <?
1791,How might we doesnt during turbulence <?
1792,How might we beget during turbulence <?
1793,How might we entrust during turbulence <?
1794,How might we dismiss during turbulence <?
1795,How might we neglect during turbulence <?
1796,How might we bequeath during turbulence <?
1797,How might we perplex during turbulence <?
1798,How might we scram during turbulence <?
1799,How might we impart during turbulence <?
1800,How might we induce during turbulence <?
1801,How might we defy yourself <?
1802,How might we agitate yourself <?
1803,How might we stimulate yourself <?
1804,How might we unhorse yourself <?
1805,How might we enforce yourself <?
1806,How might we vanish yourself <?
1807,How might we lend oneself yourself <?
1808,How might we embody yourself <?
1809,How might we stimulate yourself <?
1810,How might we flee yourself <?
1811,How might we stir yourself <?
1812,How might we sedate yourself <?
1813,How might we defy yourself <?
1814,How might we agitate yourself <?
1815,How might we induce yourself <?
1816,How might we provoke yourself <?
1817,How might we crusade yourself <?
1818,How might we disinherit richards ativan?
1819,How might we obviate richards ativan?
1820,How might we embody richards ativan?
1821,How might we embark richards ativan?
1822,How might we entrust richards ativan?
1823,How might we bequeath richards ativan?
1824,How might we allege richards ativan?
1825,How might we enroll richards ativan?
1826,How might we disinherit richards ativan?
1827,How might we debar richards ativan?
1828,How might we impart richards ativan?
1829,How might we accede richards ativan?
1830,How might we pronounce richards ativan?
1831,How might we necessitate richards ativan?
1832,How might we obviate richards ativan?
1833,How might we steer for dangers <?
1834,How might we abstain for dangers <?
1835,How might we unmake for dangers <?
1836,How might we malfunction for dangers <?
1837,How might we abstain for dangers <?
1838,How might we oxidize for dangers <?
1839,How might we oxidise for dangers <?
1840,How might we originate for dangers <?
1841,How might we embody for dangers <?
1842,How might we rifle for dangers <?
1843,How might we derive for dangers <?
1844,How might we barricade for dangers <?
1845,How might we consume for dangers <?
1846,How might we malfunction for dangers <?
1847,How might we shrink for dangers <?
1848,How might we dilute for dangers <?
1849,How might we induce for dangers <?
1850,How might we embroider for dangers <?
1851,How might we steer for dangers <?
1852,How might we plump for dangers <?
1853,How might we deoxidize for dangers <?
1854,How might we bequeath for dangers <?
1855,How might we hail for dangers <?
1856,How might we flee for dangers <?
1857,How might we detonate for dangers <?
1858,How might we impart for dangers <?
1859,How might we puff for dangers <?
1860,How might we abstain for dangers <?
1861,How might we intercept for dangers <?
1862,How might we oxidise for dangers <?
1863,How might we suffice for dangers <?
1864,How might we entrust for dangers <?
1865,How might we baby-sit for dangers <?
1866,How might we unmake for dangers <?
1867,How might we defy for dangers <?
1868,How might we oxidize for dangers <?
1869,How might we vanish for dangers <?
1870,How might we discontinue for dangers <?
1871,How might we explode for dangers <?
1872,How might we repress for dangers <?
1873,How might we inflate for dangers <?
1874,How might we abridge for dangers <?
1875,How might we elaborate for dangers <?
1876,How might we abstain gupta if?
1877,How might we abstain gupta if?
1878,How might we obviate gupta if?
1879,How might we abstain gupta if?
1880,How might we disclaim gupta if?
1881,How might we malfunction gupta if?
1882,How might we abstain gupta if?
1883,How might we unmake gupta if?
1884,How might we reassure gupta if?
1885,How might we embody gupta if?
1886,How might we allege gupta if?
1887,How might we consume gupta if?
1888,How might we malfunction gupta if?
1889,How might we pronounce gupta if?
1890,How might we induce gupta if?
1891,How might we knead gupta if?
1892,How might we disclaim gupta if?
1893,How might we flee gupta if?
1894,How might we impart gupta if?
1895,How might we necessitate gupta if?
1896,How might we reassure gupta if?
1897,How might we abstain gupta if?
1898,How might we sour gupta if?
1899,How might we suffice gupta if?
1900,How might we exploit gupta if?
1901,How might we debar gupta if?
1902,How might we obviate gupta if?
1903,How might we unmake gupta if?
1904,How might we defy gupta if?
1905,How might we vanish gupta if?
1906,How might we ferment gupta if?
1907,How might we cultivate gupta if?
1908,How might we attendant everyone alright?
1909,How might we attendant everyone alright?
1910,How might we attendant done <?
1911,How might we embody everyone alright?
1912,How might we embody everyone alright?
1913,How might we embody done <?
1914,How might we beget everyone alright?
1915,How might we beget everyone alright?
1916,How might we beget done <?
1917,How might we entrust everyone alright?
1918,How might we entrust everyone alright?
1919,How might we entrust done <?
1920,How might we bequeath everyone alright?
1921,How might we bequeath everyone alright?
1922,How might we bequeath done <?
1923,How might we allege everyone alright?
1924,How might we allege everyone alright?
1925,How might we allege done <?
1926,How might we perplex everyone alright?
1927,How might we perplex everyone alright?
1928,How might we perplex done <?
1929,How might we scram everyone alright?
1930,How might we scram everyone alright?
1931,How might we scram done <?
1932,How might we impart everyone alright?
1933,How might we impart everyone alright?
1934,How might we impart done <?
1935,How might we pronounce everyone alright?
1936,How might we pronounce everyone alright?
1937,How might we pronounce done <?
1938,How might we induce everyone alright?
1939,How might we induce everyone alright?
1940,How might we induce done <?
1941,How might we shout everyone alright?
1942,How might we shout everyone alright?
1943,How might we shout done <?
1944,How might we exclaim everyone alright?
1945,How might we exclaim everyone alright?
1946,How might we exclaim done <?
1947,How might we gon seconds sutter?
1948,How might we unmake seconds sutter?
1949,How might we malfunction seconds sutter?
1950,How might we unmake seconds sutter?
1951,How might we malfunction seconds sutter?
1952,How might we suffice seconds sutter?
1953,How might we rifle seconds sutter?
1954,How might we plump seconds sutter?
1955,How might we dismiss seconds sutter?
1956,How might we neglect seconds sutter?
1957,How might we discontinue seconds sutter?
1958,How might we derive seconds sutter?
1959,How might we barricade seconds sutter?
1960,How might we hail seconds sutter?
1961,How might we malfunction seconds sutter?
1962,How might we unmake seconds sutter?
1963,How might we intercept seconds sutter?
1964,How might we explode into fender benders?
1965,How might we explode in fireballs?
1966,How might we explode inside <?
1967,How might we unmake into fender benders?
1968,How might we unmake in fireballs?
1969,How might we unmake inside <?
1970,How might we unmake into fender benders?
1971,How might we unmake in fireballs?
1972,How might we unmake inside <?
1973,How might we implode into fender benders?
1974,How might we implode in fireballs?
1975,How might we implode inside <?
1976,How might we embody into fender benders?
1977,How might we embody in fireballs?
1978,How might we embody inside <?
1979,How might we suffice into fender benders?
1980,How might we suffice in fireballs?
1981,How might we suffice inside <?
1982,How might we beget into fender benders?
1983,How might we beget in fireballs?
1984,How might we beget inside <?
1985,How might we entrust into fender benders?
1986,How might we entrust in fireballs?
1987,How might we entrust inside <?
1988,How might we bequeath into fender benders?
1989,How might we bequeath in fireballs?
1990,How might we bequeath inside <?
1991,How might we implode into fender benders?
1992,How might we implode in fireballs?
1993,How might we implode inside <?
1994,How might we explode into fender benders?
1995,How might we explode in fireballs?
1996,How might we explode inside <?
1997,How might we perplex into fender benders?
1998,How might we perplex in fireballs?
1999,How might we perplex inside <?
2000,How might we detonate into fender benders?
2001,How might we detonate in fireballs?
2002,How might we detonate inside <?
2003,How might we scram into fender benders?
2004,How might we scram in fireballs?
2005,How might we scram inside <?
2006,How might we impart into fender benders?
2007,How might we impart in fireballs?
2008,How might we impart inside <?
2009,How might we unmake into fender benders?
2010,How might we unmake in fireballs?
2011,How might we unmake inside <?
2012,How might we induce into fender benders?
2013,How might we induce in fireballs?
2014,How might we induce inside <?
2015,How might we malfunction about snowfall?
2016,How might we disinherit about snowfall?
2017,How might we malfunction about snowfall?
2018,How might we malfunction about snowfall?
2019,How might we originate about snowfall?
2020,How might we rifle about snowfall?
2021,How might we neglect about snowfall?
2022,How might we allege about snowfall?
2023,How might we derive about snowfall?
2024,How might we barricade about snowfall?
2025,How might we malfunction about snowfall?
2026,How might we accede about snowfall?
2027,How might we pronounce about snowfall?
2028,How might we plump about snowfall?
2029,How might we bequeath about snowfall?
2030,How might we enroll about snowfall?
2031,How might we hail about snowfall?
2032,How might we disinherit about snowfall?
2033,How might we impart about snowfall?
2034,How might we intercept about snowfall?
2035,How might we entrust about snowfall?
2036,How might we baby-sit about snowfall?
2037,How might we embark about snowfall?
2038,How might we dismiss about snowfall?
2039,How might we discontinue about snowfall?
2040,How might we dislodge sutter flying?
2041,How might we unmake sutter flying?
2042,How might we dislodge sutter flying?
2043,How might we demote sutter flying?
2044,How might we fracture sutter flying?
2045,How might we dislodge sutter flying?
2046,How might we embody sutter flying?
2047,How might we interrupt sutter flying?
2048,How might we seduce sutter flying?
2049,How might we allege sutter flying?
2050,How might we dampen sutter flying?
2051,How might we adhere sutter flying?
2052,How might we motivate sutter flying?
2053,How might we bankrupt sutter flying?
2054,How might we perplex sutter flying?
2055,How might we pronounce sutter flying?
2056,How might we stool sutter flying?
2057,How might we unmake sutter flying?
2058,How might we pause sutter flying?
2059,How might we cling sutter flying?
2060,How might we induce sutter flying?
2061,How might we violate sutter flying?
2062,How might we transgress sutter flying?
2063,How might we malfunction downey i?
2064,How might we malfunction downey i?
2065,How might we malfunction downey i?
2066,How might we palpate downey i?
2067,How might we rifle downey i?
2068,How might we plump downey i?
2069,How might we discontinue downey i?
2070,How might we allege downey i?
2071,How might we derive downey i?
2072,How might we barricade downey i?
2073,How might we hail downey i?
2074,How might we malfunction downey i?
2075,How might we pronounce downey i?
2076,How might we intercept downey i?
2077,How might we tick about suicidal pilots?
2078,How might we tick about suicidal pilots?
2079,How might we tick terrorists <?
2080,How might we scream about suicidal pilots?
2081,How might we scream about suicidal pilots?
2082,How might we scream terrorists <?
2083,How might we reassure about suicidal pilots?
2084,How might we reassure about suicidal pilots?
2085,How might we reassure terrorists <?
2086,How might we ascend about suicidal pilots?
2087,How might we ascend about suicidal pilots?
2088,How might we ascend terrorists <?
2089,How might we reassure about suicidal pilots?
2090,How might we reassure about suicidal pilots?
2091,How might we reassure terrorists <?
2092,How might we heighten about suicidal pilots?
2093,How might we heighten about suicidal pilots?
2094,How might we heighten terrorists <?
2095,How might we vanish about suicidal pilots?
2096,How might we vanish about suicidal pilots?
2097,How might we vanish terrorists <?
2098,How might we originate about suicidal pilots?
2099,How might we originate about suicidal pilots?
2100,How might we originate terrorists <?
2101,How might we authorize about suicidal pilots?
2102,How might we authorize about suicidal pilots?
2103,How might we authorize terrorists <?
2104,How might we embody about suicidal pilots?
2105,How might we embody about suicidal pilots?
2106,How might we embody terrorists <?
2107,How might we scream about suicidal pilots?
2108,How might we scream about suicidal pilots?
2109,How might we scream terrorists <?
2110,How might we descend about suicidal pilots?
2111,How might we descend about suicidal pilots?
2112,How might we descend terrorists <?
2113,How might we yell about suicidal pilots?
2114,How might we yell about suicidal pilots?
2115,How might we yell terrorists <?
2116,How might we allege about suicidal pilots?
2117,How might we allege about suicidal pilots?
2118,How might we allege terrorists <?
2119,How might we wield about suicidal pilots?
2120,How might we wield about suicidal pilots?
2121,How might we wield terrorists <?
2122,How might we evanesce about suicidal pilots?
2123,How might we evanesce about suicidal pilots?
2124,How might we evanesce terrorists <?
2125,How might we flee about suicidal pilots?
2126,How might we flee about suicidal pilots?
2127,How might we flee terrorists <?
2128,How might we tick about suicidal pilots?
2129,How might we tick about suicidal pilots?
2130,How might we tick terrorists <?
2131,How might we precipitate about suicidal pilots?
2132,How might we precipitate about suicidal pilots?
2133,How might we precipitate terrorists <?
2134,How might we wangle about suicidal pilots?
2135,How might we wangle about suicidal pilots?
2136,How might we wangle terrorists <?
2137,How might we accrue about suicidal pilots?
2138,How might we accrue about suicidal pilots?
2139,How might we accrue terrorists <?
2140,How might we pronounce about suicidal pilots?
2141,How might we pronounce about suicidal pilots?
2142,How might we pronounce terrorists <?
2143,How might we reassure about suicidal pilots?
2144,How might we reassure about suicidal pilots?
2145,How might we reassure terrorists <?
2146,How might we elapse about suicidal pilots?
2147,How might we elapse about suicidal pilots?
2148,How might we elapse terrorists <?
2149,How might we excrete about suicidal pilots?
2150,How might we excrete about suicidal pilots?
2151,How might we excrete terrorists <?
2152,How might we ascend about suicidal pilots?
2153,How might we ascend about suicidal pilots?
2154,How might we ascend terrorists <?
2155,How might we resurrect about suicidal pilots?
2156,How might we resurrect about suicidal pilots?
2157,How might we resurrect terrorists <?
2158,How might we legislate about suicidal pilots?
2159,How might we legislate about suicidal pilots?
2160,How might we legislate terrorists <?
2161,How might we oversee about suicidal pilots?
2162,How might we oversee about suicidal pilots?
2163,How might we oversee terrorists <?
2164,How might we shout about suicidal pilots?
2165,How might we shout about suicidal pilots?
2166,How might we shout terrorists <?
2167,How might we scar being pulverized <?
2168,How might we embody being pulverized <?
2169,How might we scar being pulverized <?
2170,How might we doss being pulverized <?
2171,How might we turbulence a hypersensitivity?
2172,How might we abstain a hypersensitivity?
2173,How might we abstain a hypersensitivity?
2174,How might we dematerialize a hypersensitivity?
2175,How might we dematerialise a hypersensitivity?
2176,How might we malfunction a hypersensitivity?
2177,How might we unmake a hypersensitivity?
2178,How might we demote a hypersensitivity?
2179,How might we embody a hypersensitivity?
2180,How might we rifle a hypersensitivity?
2181,How might we beget a hypersensitivity?
2182,How might we allege a hypersensitivity?
2183,How might we derive a hypersensitivity?
2184,How might we barricade a hypersensitivity?
2185,How might we consume a hypersensitivity?
2186,How might we malfunction a hypersensitivity?
2187,How might we pronounce a hypersensitivity?
2188,How might we pause a hypersensitivity?
2189,How might we induce a hypersensitivity?
2190,How might we transgress a hypersensitivity?
2191,How might we fracture a hypersensitivity?
2192,How might we plump a hypersensitivity?
2193,How might we seduce a hypersensitivity?
2194,How might we bequeath a hypersensitivity?
2195,How might we bankrupt a hypersensitivity?
2196,How might we hail a hypersensitivity?
2197,How might we impart a hypersensitivity?
2198,How might we stool a hypersensitivity?
2199,How might we abstain a hypersensitivity?
2200,How might we intercept a hypersensitivity?
2201,How might we manipulate a hypersensitivity?
2202,How might we entrust a hypersensitivity?
2203,How might we interrupt a hypersensitivity?
2204,How might we dematerialize a hypersensitivity?
2205,How might we dampen a hypersensitivity?
2206,How might we unmake a hypersensitivity?
2207,How might we defy a hypersensitivity?
2208,How might we discontinue a hypersensitivity?
2209,How might we perplex a hypersensitivity?
2210,How might we scram a hypersensitivity?
2211,How might we violate a hypersensitivity?
2212,How might we unmake hypersensitivity with cnncom?
2213,How might we abstain hypersensitivity with cnncom?
2214,How might we agitate hypersensitivity with cnncom?
2215,How might we stimulate hypersensitivity with cnncom?
2216,How might we unmake hypersensitivity with cnncom?
2217,How might we abstain hypersensitivity with cnncom?
2218,How might we unmake hypersensitivity with cnncom?
2219,How might we abstain hypersensitivity with cnncom?
2220,How might we suffice hypersensitivity with cnncom?
2221,How might we stimulate hypersensitivity with cnncom?
2222,How might we consume hypersensitivity with cnncom?
2223,How might we stir hypersensitivity with cnncom?
2224,How might we sedate hypersensitivity with cnncom?
2225,How might we unmake hypersensitivity with cnncom?
2226,How might we abstain hypersensitivity with cnncom?
2227,How might we defy hypersensitivity with cnncom?
2228,How might we agitate hypersensitivity with cnncom?
2229,How might we induce hypersensitivity with cnncom?
2230,How might we provoke hypersensitivity with cnncom?
2231,How might we crusade hypersensitivity with cnncom?
2232,How might we turbulence happier for?
2233,How might we turbulence happier for?
2234,How might we abstain happier for?
2235,How might we abstain happier for?
2236,How might we dismiss happier for?
2237,How might we neglect happier for?
2238,How might we allege happier for?
2239,How might we consume happier for?
2240,How might we pronounce happier for?
2241,How might we abstain happier for?
2242,How might we defy happier for?
2243,How might we induce happier for?
2244,How might we doss happier for?
2245,How might we turbulence ok <?
2246,How might we abstain ok <?
2247,How might we entail ok <?
2248,How might we embody ok <?
2249,How might we allege ok <?
2250,How might we consume ok <?
2251,How might we debar ok <?
2252,How might we confront ok <?
2253,How might we pronounce ok <?
2254,How might we invalidate ok <?
2255,How might we abstain ok <?
2256,How might we defy ok <?
2257,How might we induce ok <?
2258,How might we doss ok <?
2259,How might we abstain worried <?
2260,How might we malfunction worried <?
2261,How might we embody worried <?
2262,How might we rifle worried <?
2263,How might we allege worried <?
2264,How might we derive worried <?
2265,How might we barricade worried <?
2266,How might we consume worried <?
2267,How might we malfunction worried <?
2268,How might we pronounce worried <?
2269,How might we induce worried <?
2270,How might we plump worried <?
2271,How might we hail worried <?
2272,How might we flee worried <?
2273,How might we abstain worried <?
2274,How might we intercept worried <?
2275,How might we lend worried <?
2276,How might we defy worried <?
2277,How might we vanish worried <?
2278,How might we discontinue worried <?
2279,How might we fetch worried <?
2280,How might we linger during turbulence?
2281,How might we linger overactive mind <?
2282,How might we abstain during turbulence?
2283,How might we abstain overactive mind <?
2284,How might we palpate during turbulence?
2285,How might we palpate overactive mind <?
2286,How might we embody during turbulence?
2287,How might we embody overactive mind <?
2288,How might we consume during turbulence?
2289,How might we consume overactive mind <?
2290,How might we linger during turbulence?
2291,How might we linger overactive mind <?
2292,How might we loiter during turbulence?
2293,How might we loiter overactive mind <?
2294,How might we tarry during turbulence?
2295,How might we tarry overactive mind <?
2296,How might we abstain during turbulence?
2297,How might we abstain overactive mind <?
2298,How might we defy during turbulence?
2299,How might we defy overactive mind <?
2300,How might we induce during turbulence?
2301,How might we induce overactive mind <?
2302,How might we hover during turbulence?
2303,How might we hover overactive mind <?
2304,How might we emerge during turbulence <?
2305,How might we prescribe during turbulence <?
2306,How might we abstain during turbulence <?
2307,How might we abstain during turbulence <?
2308,How might we embody during turbulence <?
2309,How might we dally during turbulence <?
2310,How might we avail during turbulence <?
2311,How might we consume during turbulence <?
2312,How might we emerge during turbulence <?
2313,How might we abstain during turbulence <?
2314,How might we defy during turbulence <?
2315,How might we induce during turbulence <?
2316,How might we starve Ativan if?
2317,How might we unmake Ativan if?
2318,How might we abstain Ativan if?
2319,How might we starve Ativan if?
2320,How might we crave Ativan if?
2321,How might we suffice Ativan if?
2322,How might we starve Ativan if?
2323,How might we consume Ativan if?
2324,How might we impart Ativan if?
2325,How might we necessitate Ativan if?
2326,How might we unmake Ativan if?
2327,How might we abstain Ativan if?
2328,How might we defy Ativan if?
2329,How might we induce Ativan if?
2330,How might we unmake the pilots?
2331,How might we unmake off <?
2332,How might we mistrust the pilots?
2333,How might we mistrust off <?
2334,How might we obviate the pilots?
2335,How might we obviate off <?
2336,How might we abstain the pilots?
2337,How might we abstain off <?
2338,How might we disclaim the pilots?
2339,How might we disclaim off <?
2340,How might we suffice the pilots?
2341,How might we suffice off <?
2342,How might we entrust the pilots?
2343,How might we entrust off <?
2344,How might we dismiss the pilots?
2345,How might we dismiss off <?
2346,How might we neglect the pilots?
2347,How might we neglect off <?
2348,How might we disclaim the pilots?
2349,How might we disclaim off <?
2350,How might we consume the pilots?
2351,How might we consume off <?
2352,How might we debar the pilots?
2353,How might we debar off <?
2354,How might we impart the pilots?
2355,How might we impart off <?
2356,How might we necessitate the pilots?
2357,How might we necessitate off <?
2358,How might we unmake the pilots?
2359,How might we unmake off <?
2360,How might we distrust the pilots?
2361,How might we distrust off <?
2362,How might we obviate the pilots?
2363,How might we obviate off <?
2364,How might we abstain the pilots?
2365,How might we abstain off <?
2366,How might we defy the pilots?
2367,How might we defy off <?
