,Generated HMW Question
0,How might we look of the smoothest flights?
1,How might we to distract some xanax?
2,How might we to england on a trip?
3,How might we be afraid of flying kinsman?
4,How might we see a pilot?
5,How might we listen fear of being?
6,How might we could happen the feeling?
7,How might we have religious the plane?
8,How might we have a recording?
9,How might we don have a history of a abuse?
10,How might we iting the fear of heights?
11,How might we could happen the feeling?
12,How might we have nervous on a crash?
13,How might we could happen the feeling?
14,How might we fly to get in a few hours?
15,How might we read on a movie?
16,How might we have a fear of heights?
17,How might we to the fear of heights?
18,How might we didn of the smoothest flights?
19,How might we to england the difference?
20,How might we mid of the smoothest flights?
21,How might we to distract some xanax?
22,How might we would be a simily reass on a trip?
23,How might we fly in a crash?
24,How might we be of the smoothest flights?
25,How might we help on a movie?
26,How might we would smolling the fear of landing?
27,How might we sweed the only thing?
28,How might we ve over the fear of landing?
29,How might we could happen the feeling?
30,How might we would make in a cramped seat?
31,How might we move of flying patients in the cnn richard quest?
32,How might we don have a history of a abuse?
33,How might we have a fear of heights?
34,How might we listen fear of being?
35,How might we explode the fear of heights?
36,How might we be a plane?
37,How might we explode out of the flight?
38,How might we are designed to be afraid of flying kinsman?
39,How might we could happen the feeling?
40,How might we went to take higher chance of being in a cramped seat?
41,How might we don of the smoothest flights?
42,How might we to distract the only thing?
43,How might we lose the fear of heights?
44,How might we see the only thing?
45,How might we explode out of the sky?
46,How might we frighten afraid of going?
47,How might we could happen the feeling?
48,How might we see of the smoothest flights?
49,How might we have religious the plane?
50,How might we to england the difference?
51,How might we fly ingo a fear of heights?
52,How might we will riding in the key takeaway?
53,How might we could happen the feeling?
54,How might we tell on a movie?
55,How might we tell on a movie?
56,How might we fly on a movie?
57,How might we use the fear of having the xand?
58,How might we are designed to be afraid of flying kinsman?
59,How might we remember like the flight?
60,How might we feel on a movie?
61,How might we want to hell i fear of heights?
62,How might we could happen i don?
63,How might we would talk to end a fear of heights?
64,How might we to disprase the train?
65,How might we frighten afraid of going?
66,How might we fly on a movie?
67,How might we have nervous on a crash?
68,How might we hit in a movie?
69,How might we to reduce the thing?
70,How might we take a plane?
71,How might we could happen the feeling?
72,How might we should have a history of a abuse?
73,How might we look of the smoothest flights?
74,How might we seem on a movie?
75,How might we tell on a movie?
76,How might we listen a fear of heights?
77,How might we rid afraid of flying kinsman?
78,How might we to england the difference?
79,How might we would taight in a wrenn?
80,How might we look of the smoothest flights?
81,How might we could happen the feeling?
82,How might we could happen i don?
83,How might we tell on a movie?
84,How might we have a fear of heights?
85,How might we could happen the feeling?
86,How might we to england the difference?
87,How might we make the extrist?
88,How might we frighten afraid of going?
89,How might we be on a movie?
90,How might we to distract some xanax?
91,How might we can sleep the fear of heights?
92,How might we fly on a movie?
93,How might we give a plane?
94,How might we would talk the ond?
95,How might we have of the smoothest flights?
96,How might we coasse on a movie?
97,How might we die if the plane?
98,How might we could happen i don?
99,How might we be afraid of flying kinsman?
100,How might we to smaller jets some form of control in a flight on the wly opcessighe?
101,How might we control on a movie?
102,How might we test ridding in a few hours?
103,How might we didn of the smoothest flights?
104,How might we have a fear of heights?
105,How might we describe a pilot?
106,How might we i have a simily ropribee?
107,How might we can get i don?
108,How might we works the fear of having the flight?
109,How might we to distract a fear of heights?
110,How might we be afraid of flying kinsman?
111,How might we tell on a trip?
112,How might we fly the fear of heights?
113,How might we listen fear of being?
114,How might we to cockpit for a lot of redundancy?
115,How might we will have a pilot?
116,How might we be afraid of flying kinsman?
117,How might we fly in a cramped seat?
118,How might we have a fear of heights?
119,How might we find a fear?
120,How might we could happen the feeling?
121,How might we lod in the xapter?
122,How might we could happen the feeling?
123,How might we can calm on a movie?
124,How might we can fear of being?
125,How might we see the interseat?
126,How might we have a fear of heights?
127,How might we enjoy the feeling?
128,How might we listen a fear of heights?
129,How might we doeshing on a movie?
130,How might we have a fear of heights?
131,How might we ied to fly no fucking clue?
132,How might we try a fear of heights?
133,How might we broaden passenger\'s to pit smiling a plane?
134,How might we enjoy the feeling?
135,How might we fly on a movie?
136,How might we is weet in a flight of the plane?
137,How might we ade going to die interest in bending the airplane?
138,How might we bring of the smoothest flights?
139,How might we be a lot calmer while flying a foot in the air?
140,How might we have a history of a abuse?
141,How might we control on a movie?
142,How might we freak on a movie?
143,How might we could happen a first class?
144,How might we sit of the smoothest flights?
145,How might we to england the difference?
146,How might we will have a history of a abuse?
147,How might we to talk the only thing?
148,How might we to england the fear of heights?
149,How might we see dying in a plane?
150,How might we didn of the smoothest flights?
151,How might we listen fear of being?
152,How might we be afraid of flying kinsman?
153,How might we feel on an hour flight?
154,How might we have a fear of heights?
155,How might we could happen the feeling?
156,How might we could happen the feeling?
157,How might we have of the smoothest flights?
158,How might we to caffain some xanax?
159,How might we could happen i don?
160,How might we could happen the feeling?
161,How might we spend of the smoothest flights?
162,How might we seem on a movie?
163,How might we would focus disapyed on the kindlanx?
164,How might we could happen the feeling?
165,How might we are designed on a trip?
166,How might we are designed to be a crash?
167,How might we emerged to the front of the wning?
168,How might we educe afraid of flying kinsman?
169,How might we would keep the fear of heights?
170,How might we fly on a movie?
171,How might we get on a movie?
172,How might we ettend the fear of heights?
173,How might we are designed to peep a fear of heights?
174,How might we to distract some xanax?
175,How might we explode out of the sky?
176,How might we make a plane?
177,How might we have afraid of flying kinsman?
178,How might we use the fear of having the flight?
179,How might we fix the fear of heights?
180,How might we enjoy the feeling?
181,How might we listen fear of being?
182,How might we be a plane?
183,How might we ride on a movie?
184,How might we have a fear of heights?
185,How might we have a fear of heights?
186,How might we are designed to have a sedal from happening?
187,How might we have a recording?
188,How might we feel a lot of redundancy?
189,How might we could happen the feeling?
190,How might we can concentrate an airline?
191,How might we have a fear of heights?
192,How might we listen fear of being?
193,How might we don on an hour flight?
194,How might we fly on a movie?
195,How might we teve the fear of heights?
196,How might we would be come near the front of the wry?
197,How might we need smaller jets some of the new hirp?
198,How might we can get in a few hours?
199,How might we say of the smoothest flights?
200,How might we have a fear of heights?
201,How might we ve of the smoothest flights?
202,How might we look a plane?
203,How might we listen a fear of heights?
204,How might we were a plane?
205,How might we explode out of the sky?
206,How might we pee for the reding?
207,How might we be a flight on the wrong of the smoothest flights?
208,How might we operate of the smoothest flights?
209,How might we be afraid of flying kinsman?
210,How might we do the fear of heights?
211,How might we would taeck over the fear of landing?
212,How might we consider the fear of heights?
213,How might we could happen the feeling?
214,How might we describe a pilot?
215,How might we have a fear of heights?
216,How might we fly on a movie?
217,How might we to reduce the fear of heights?
218,How might we would talk the ong?
219,How might we should have a history of a abuse?
220,How might we don on an hour flight?
221,How might we see dying in a plane?
222,How might we be a fear?
223,How might we don have a history of a abuse?
224,How might we don on an hour flight?
225,How might we have a fear of heights?
226,How might we could happen the feeling?
227,How might we are designed to be afraid of flying kinsman?
228,How might we to fly the fear of heights?
229,How might we would fail a plane?
230,How might we frighten afraid of going?
231,How might we can coccipe a big deal at all?
232,How might we listen fear of being?
233,How might we could happen i don?
234,How might we eser of the smoothest flights?
235,How might we get in a plane?
236,How might we have a fear of heights?
237,How might we to distract some xanax?
238,How might we have a history of a augh ball at least?
239,How might we can cause afea in a few hours?
240,How might we have if the plane?
241,How might we could happen i don?
242,How might we look on a movie?
243,How might we feel a pilot?
244,How might we have a simily reass on a trip?
245,How might we will scraping the runway without the plane?
246,How might we feel on a movie?
247,How might we could happen the feeling?
248,How might we be a lot calmer while flying a foot in the air?
249,How might we to afried on a movie?
250,How might we get in a plane?
251,How might we explode out of the sky?
252,How might we will affect the pilots?
253,How might we explode the fear of heights?
254,How might we could happen the feeling?
255,How might we will break on a movie?
256,How might we will make the ethiopian flight?
257,How might we could happen the feeling?
258,How might we are designed to be a commercial airliner?
259,How might we to england on a trip?
260,How might we eat the plane?
261,How might we didn of the smoothest flights?
262,How might we give the fear of heights?
263,How might we would be terrible flight?
264,How might we should have a couple xanax?
265,How might we be a hard flights?
266,How might we read on a movie?
267,How might we to understand a great trips?
268,How might we to be safer issue?
269,How might we bring a plane?
270,How might we are designed on a trip?
271,How might we to avoid no interest in bending the airplane?
272,How might we re on a movie?
273,How might we be a flight on the wrong of the sky?
274,How might we make a plane?
275,How might we have a fear of heights?
276,How might we to be dying in a plane?
277,How might we would keep the fear of wanying?
278,How might we educate a fear of heights?
279,How might we could happen the feeling?
280,How might we be the airport like a playground?
281,How might we have a history of a abuse?
282,How might we could have a history of abuse?
283,How might we don on an hour flight?
284,How might we to england on a trip?
285,How might we to reduce in a few hours?
286,How might we to england the drift?
287,How might we can sleep the fear of having the flight?
288,How might we wen short the free fall?
289,How might we move a pilot?
290,How might we explode out of the sky?
291,How might we see of the smoothest flights?
292,How might we are designed on a few hours?
293,How might we enjoy the feeling?
294,How might we could happen the feeling?
295,How might we didn of the smoothest flights?
296,How might we could happen the feeling?
297,How might we have a plane?
298,How might we didn of the smoothest flights?
299,How might we could happen the feeling?
300,How might we could happen i don?
301,How might we tell on a trip?
302,How might we come anxious on a flight?
303,How might we to drive hide of the smoothest flights?
304,How might we explode out of the sky?
305,How might we could happen i don?
306,How might we could happen the feeling?
307,How might we could happen i don?
308,How might we can control in a flight on the wly oph?
309,How might we have a fear of heights?
310,How might we could happen i don?
311,How might we could happen the feeling?
312,How might we have a fear of heights?
313,How might we emerge on a movie?
314,How might we educe a fear of heights?
315,How might we don have a phobia?
316,How might we to understand the difference?
317,How might we mean of the smoothest flights?
318,How might we laut in a few hours?
319,How might we to england on a trip?
320,How might we spend the fear of heights?
321,How might we can sleep the fear of having the flight?
322,How might we fly a fear of heights?
323,How might we could happen the feeling?
324,How might we help have some numand of the plane?
325,How might we emerge on a movie?
326,How might we will have a history of abuse?
327,How might we didn of the smoothest flights?
328,How might we are designed to heep in a few hours?
329,How might we didn of the smoothest flights?
330,How might we have a fear of heights?
331,How might we to crash on the smilis desticn?
332,How might we feel on a movie?
333,How might we to distract some xanax?
334,How might we listen fear of being?
335,How might we tell on a movie?
336,How might we seem on a movie?
337,How might we see dying in a plane?
338,How might we could happen the feeling?
339,How might we have a fear of heights?
340,How might we feel on a movie?
341,How might we explode of the smoothest flights?
342,How might we to england the difference?
343,How might we see the fear of heights?
344,How might we could happen the feeling?
345,How might we fly on a movie?
346,How might we make the plane crash?
347,How might we rid a fear of flying?
348,How might we spend the fear of heights?
349,How might we ease a fear of heights?
350,How might we find a fear?
351,How might we use of the smoothest flights?
352,How might we frighten afraid of going?
353,How might we eit going to get i don?
354,How might we to see in the cockpit knowledg?
355,How might we feature riding in the key takeaway?
356,How might we re of the smoothest flights?
357,How might we have a fear of heights?
358,How might we can be afraid of flying kinsman?
359,How might we lod the feeling?
360,How might we could happen i don?
361,How might we see dying in a plane?
362,How might we be afraid of flying kinsman?
363,How might we have to get scraping the runway without landing?
364,How might we have a fear of heights?
365,How might we have religious at all?
366,How might we see the fear of heights?
367,How might we listen fear of being?
368,How might we could happen the feeling?
369,How might we could happe in a cramped seat?
370,How might we be dying in a plane?
371,How might we feel on a movie?
372,How might we feel the plane?
373,How might we get in a few hours?
374,How might we could have a history on a movie?
375,How might we aerpose a fear of heights?
376,How might we don on an hour flight?
377,How might we don have a history of a abuse?
378,How might we can going afraid of flying?
379,How might we wait in a plane?
380,How might we have a movie?
381,How might we could happen a first class?
382,How might we could happen the feeling?
383,How might we fly in a crash?
384,How might we to england on a trip?
385,How might we didn the fear?
386,How might we fly on a movie?
387,How might we enjoy the feeling?
388,How might we imple get in a flight on the wly oph?
389,How might we to england on a trip?
390,How might we will have on a movie?
391,How might we will go wrong on a few hours?
392,How might we have the fear of heights?
393,How might we take a plane?
394,How might we get in a plane?
395,How might we i have if the plane?
396,How might we could happen a crist?
397,How might we to reduce in a few hours?
398,How might we be a simily reass on a trip?
399,How might we listen fear of being?
400,How might we be afraid of flying kinsman?
401,How might we fly the fear of having the flight?
402,How might we to distract some xanax?
403,How might we see the target?
404,How might we could happen the feeling?
405,How might we fall in a plane?
406,How might we didn of the smoothest flights?
407,How might we be of the smoothest flights?
408,How might we be a plane?
409,How might we feel on a movie?
410,How might we wmuld the fear of having the flight?
411,How might we feel a lot of redundancy?
412,How might we to england the difference?
413,How might we fly the fear of heights?
414,How might we find a fear?
415,How might we spend the fear of atule?
416,How might we will have in a crash?
417,How might we bring on a movie?
418,How might we be afraid of flying kinsman?
419,How might we frighten afraid of going?
420,How might we could happen the feeling?
421,How might we listen a fear of heights?
422,How might we feature riding in the key takeaway?
423,How might we come a pilot?
424,How might we win into a fireball?
425,How might we seem on a movie?
426,How might we could happen i don?
427,How might we be the fear of heights?
428,How might we feel on a movie?
429,How might we roll a flight of the wnowle?
430,How might we seem on a movie?
431,How might we to reduce the fear of heights?
432,How might we be afraid of flying kinsman?
433,How might we could happen the feeling?
434,How might we see dying in a plane?
435,How might we be afraid of flying kinsman?
436,How might we feel the fear of heights?
437,How might we could happen the feeling?
438,How might we ride a fear of heights?
439,How might we don of the smoothest flights?
440,How might we increase of a argend after the flight?
441,How might we to reduce on a movie?
442,How might we to crash on the strategies?
443,How might we are designed on a trip?
444,How might we move to get the point?
445,How might we see on a movie?
446,How might we i have a crash?
447,How might we be a plane?
448,How might we have a fear of heights?
449,How might we to crash on the strategies?
450,How might we fly in a crash?
451,How might we move on a movie?
452,How might we will have a history of a abuse?
453,How might we seem on a movie?
454,How might we we have if the plane?
455,How might we to reduce in a few hours?
456,How might we explode out of the fling?
457,How might we have a couple xanax?
458,How might we find a fear?
459,How might we will affect the biffording?
460,How might we could happen the feeling?
461,How might we walk if the plane?
462,How might we don on an hour flight?
463,How might we could happen the feeling?
464,How might we have a simily reass on a movie?
465,How might we see a plane?
466,How might we have of the smoothest flights?
467,How might we have to get scrapingst class?
468,How might we to england the difference?
469,How might we bring of the smoothest flights?
470,How might we have a fear of heights?
471,How might we feel a plane?
472,How might we will have on a movie?
473,How might we read on a movie?
474,How might we f ll on a trip?
475,How might we see dying in a plane?
476,How might we deece the earth?
477,How might we don have a history of a abuse?
478,How might we combad a plane crashing?
479,How might we can give i don?
480,How might we enjoy the feeling?
481,How might we could happen i don?
482,How might we continue a lot of redundancy?
483,How might we is frem the fear of heights?
484,How might we be afraid of flying kinsman?
485,How might we get the plane?
486,How might we are designed on a trip?
487,How might we frighed to get in a crash?
488,How might we make the airport like a playgract?
489,How might we could happen the feeling?
490,How might we will affect the busiest?
491,How might we could happen the feeling?
492,How might we listen fear of being?
493,How might we could happen the feeling?
494,How might we make the airport like a playground?
495,How might we ve read the fear of heights?
496,How might we i have going to get i don?
497,How might we have afraid of flying kinsman?
498,How might we to fly of the sky?
499,How might we re in a motor vehicle?
500,How might we occurt a fear of heights?
501,How might we see of the smoothest flights?
502,How might we to distract some xanax?
503,How might we be a fear of heights?
504,How might we have a fear of heights?
505,How might we win in a few hours?
506,How might we be on a movie?
507,How might we would afraid of flying kinsman?
508,How might we lod in the xanter someone?
509,How might we to distract some xanax?
510,How might we would smiling a commercial flight?
511,How might we can cell the difference?
512,How might we should have a fear of heights?
513,How might we listen fear of being?
514,How might we fly in a crash?
515,How might we seem on a movie?
516,How might we enjoy the feeling?
517,How might we have a fear of heights?
518,How might we be a fear of heights?
519,How might we can sleep the fear of having the cnn richard quest?
520,How might we listen a fear of heights?
521,How might we didn of the smoothest flights?
522,How might we seem on a movie?
523,How might we ent riding in the key takeaway?
524,How might we to afraid of flying kinsman?
525,How might we explode out of the sky?
526,How might we be a fear?
527,How might we would keep the fear of having the flight?
528,How might we will have a history of a abuse?
529,How might we have a movie?
530,How might we be a crash?
531,How might we seem on a movie?
532,How might we will have on a flight?
533,How might we to distract some xanax?
534,How might we bring of the smoothest flights?
535,How might we didn of the smoothest flights?
536,How might we will giving some xanax?
537,How might we can smaller jets?
538,How might we be on the flights?
539,How might we want the front of the wing?
540,How might we be in a few hours?
541,How might we to cockpit for the rocommercial airliner?
542,How might we could happen the feeling?
543,How might we don of the smoothest flights?
544,How might we have no interest in bending the airplane?
545,How might we explode out of the flight?
546,How might we come the fear of heights?
547,How might we don of the smoothest flights?
548,How might we i have drained pilots of the afraid of flying?
549,How might we be a flight on the wlighes?
550,How might we try to work no idea?
551,How might we can such a plane?
552,How might we would make in a plane?
553,How might we listen a fear of heights?
554,How might we didn of the smoothest flights?
555,How might we could happen the feeling?
556,How might we can dan in a movie?
557,How might we tell on a movie?
558,How might we be the fear of heights?
559,How might we could happen the feeling?
560,How might we will do on a trip?
561,How might we want to see the fear of heights?
562,How might we feel on a movie?
563,How might we don of flying patients in the cnn richard quest?
564,How might we should have a similar problem?
565,How might we to cockpit for the rocommercial airliner?
566,How might we didn of the smoothest flights?
567,How might we think if the plane?
568,How might we be of the smoothest flights?
569,How might we have a fear of heights?
570,How might we don a fear of heights?
571,How might we could happen a first class?
572,How might we fly on a movie?
573,How might we come anxious on a flight?
574,How might we crash diraced the front of the wn wearth rospons?
575,How might we rais a plane?
576,How might we eeci a fear of heights?
577,How might we apprecc of a plane?
578,How might we have fix for the ethiopian?
579,How might we to win a video?
580,How might we would talk the only thing?
581,How might we could happen i don?
582,How might we could happen the fear of heights?
583,How might we be afraid of flying kinsman?
584,How might we can sleep the fear of heights?
585,How might we could happen the feeling?
586,How might we to england on a trip?
587,How might we fall in a plane?
588,How might we have a fear of heights?
589,How might we fly on a movie?
590,How might we fuck if a plane?
591,How might we tell on a movie?
592,How might we lough a flight on the wly ophation?
593,How might we be a plane?
594,How might we have a fear of heights?
595,How might we will have over the fear of landing?
596,How might we didn of the smoothest flights?
597,How might we broke scrapings in a few hours?
598,How might we tell on a movie?
599,How might we fly the fear of heights?
600,How might we fly on a movie?
601,How might we consdant on a movie?
602,How might we make the airport like a playground?
603,How might we immove the fear of heights?
604,How might we to distract some xanax?
605,How might we to fall on a flight?
606,How might we can cruise the fear of having the cnn richard quest?
607,How might we see dying in a plane?
608,How might we have nervous on a crash?
609,How might we be afraid of flying kinsman?
610,How might we aten a fear of heights?
611,How might we be of the smoothest flights?
612,How might we i in a flight on the wly oph?
613,How might we feature riding in the key takeaway?
614,How might we win if the flight?
615,How might we find a fear?
616,How might we to england the difference?
617,How might we have the thing?
618,How might we to get the flight?
619,How might we would afraid of driving a car?
620,How might we ride if the plane?
621,How might we listen fear of being?
622,How might we could happen the feeling?
623,How might we could happen a first class?
624,How might we enjoy the feeling?
625,How might we have a fear of heights?
626,How might we could happen the feeling?
627,How might we didn of the smoothest flights?
628,How might we are designed on a trip?
629,How might we fly on a movie?
630,How might we be a wreck?
631,How might we read a fear of heights?
632,How might we can drive the fear of heights?
633,How might we fly on a movie?
634,How might we have a simily reass of a appranis in the same way?
635,How might we seem on a movie?
636,How might we feel a fear of heights?
637,How might we could happen the feeling?
638,How might we fly in a crash?
639,How might we fly on a movie?
640,How might we will have to get going afraid of going?
641,How might we to come on a movie?
642,How might we terring to fly in a few hours?
643,How might we have on a movie?
644,How might we could happen the feeling?
645,How might we be on a movie?
646,How might we be the fear of heights?
647,How might we to england the difference?
648,How might we move on a movie?
649,How might we to england on a trip?
650,How might we tell on a movie?
651,How might we pull on a movie?
652,How might we could happen the feeling?
653,How might we have a fear of heights?
654,How might we seem on a movie?
655,How might we to distract to a fear of heights?
656,How might we could happen i don?
657,How might we tell on a flight?
658,How might we look on a movie?
659,How might we coverate on a movie?
660,How might we can drive the fear of having the flight?
661,How might we enjoy the feeling?
662,How might we have a fear of heights?
663,How might we are designed to higher chance of being in the controls?
664,How might we have nervous on a flight converstation?
665,How might we say dying in a few hours?
666,How might we can could happen the feeling?
667,How might we spend the fear of heights?
668,How might we say of flying patients in the cnn richard quest?
669,How might we have a fear of heights?
670,How might we fly on a movie?
671,How might we fly in a crash?
672,How might we emerge on a movie?
673,How might we could happen the feeling?
674,How might we can avied a fear of heights?
675,How might we have if the plane?
676,How might we use more neading?
677,How might we bring of the smoothest flights?
678,How might we to distract some xanax?
679,How might we have a plane?
680,How might we have a fear of heights?
681,How might we frighten the fear of heights?
682,How might we explode of the smoothest flights?
683,How might we would taeknafere the first teat?
684,How might we to england the difference?
685,How might we to caffate number of a plane?
686,How might we could happen the feeling?
687,How might we have a fear of helling?
688,How might we fly in a crash?
689,How might we riding if the plane?
690,How might we can going afraid of going?
691,How might we feel on a movie?
692,How might we fly on a movie?
693,How might we give a pilot?
694,How might we have a fear of heights?
695,How might we could happen i don?
696,How might we could happen the feeling?
697,How might we get in a plane?
698,How might we eight in a flight of the flight?
699,How might we constanting the fear of heights?
700,How might we make in a flight on the wly oph?
701,How might we is leed the fear of heights?
702,How might we has been a fear of heights?
703,How might we find on a movie?
704,How might we get in a plane?
705,How might we be of the smoothest flights?
706,How might we to england the difference?
707,How might we to want to hell i fear of heights?
708,How might we could happen the feeling?
709,How might we sit of the smoothest flights?
710,How might we operact in a plane?
711,How might we help on a flight?
712,How might we be of the smoothest flights?
713,How might we get the plane crash?
714,How might we use to get in a few hours?
715,How might we die of the smoothest flights?
716,How might we to distract to a fear of heights?
717,How might we could happen the feeling?
718,How might we does of the smoothest flights?
719,How might we didn of the smoothest flights?
720,How might we feel on a movie?
721,How might we tell on a movie?
722,How might we rid the flight?
723,How might we would afraid of flying kinsman?
724,How might we use the fear of heights?
725,How might we see on a movie?
726,How might we see the fear of heights?
727,How might we hold a fear of heights?
728,How might we would be afraid of flying kinsman?
729,How might we can get a lot of redundancy?
730,How might we to test to the fear of heights?
731,How might we would teat the plane?
732,How might we bring of the smoothest flights?
733,How might we have of the smoothest flights?
734,How might we fall in a plane?
735,How might we tell on a trip?
736,How might we could happen the feeling?
737,How might we would talk to engl an hour flight?
738,How might we to need on a mevie?
739,How might we emerged on a movie?
740,How might we get the plane?
741,How might we take a flight on the wly oph?
742,How might we can concentrate on a movie?
743,How might we would more pilots?
744,How might we see on a movie?
745,How might we come anxious on a flight?
746,How might we will have a history of araused fear of heights?
747,How might we could happen i don?
748,How might we constantly remind dasignds in a flight of the flight?
749,How might we to drive in a movie?
750,How might we will affect the biffording?
751,How might we can buing the fear of heights?
752,How might we listen fear of being?
753,How might we ride on a movie?
754,How might we get a fear?
755,How might we could happen i don?
756,How might we could happen the feeling?
757,How might we have on the wlying?
758,How might we can could happen a intense fear of heights?
759,How might we would happen the feeling?
760,How might we alive a fear of heights?
761,How might we have afraid of flying kinsman?
762,How might we fly the fear of heights?
763,How might we see the interseat?
764,How might we couland on a movie?
765,How might we to find on a movie?
766,How might we to get eleine a slight chance of being in a cramped se?
767,How might we could happen i don?
768,How might we wont on a flight?
769,How might we seem on a movie?
770,How might we have a fear of heights?
771,How might we going to die on a movie?
772,How might we don the fear of heights?
773,How might we lid a fear of heights?
774,How might we win in a few hours?
775,How might we tell on a flight?
776,How might we make the airport like a playground?
777,How might we make a plane?
778,How might we flying is the fear of heights?
779,How might we have a fear of heights?
780,How might we do on a movie?
781,How might we feel on a movie?
782,How might we make userco fear of flying?
783,How might we explode out of the sky?
784,How might we will hepl on a trip?
785,How might we to englane on a movie?
786,How might we tell on a movie?
787,How might we can decipher on a movie?
788,How might we have a fear of heights?
789,How might we don on an hour flight?
790,How might we fly on a movie?
791,How might we could happen the feeling?
792,How might we to england on a trip?
793,How might we seem on a movie?
794,How might we seem on a movie?
795,How might we have a fear of heights?
796,How might we see dying in a plane?
797,How might we could happen the feeling?
798,How might we could happen the feeling?
799,How might we don on an hour flight?
800,How might we will have a history of a abuse?
801,How might we listen fear of being?
802,How might we are designed to be if pessible?
803,How might we have a fear of heighting?
804,How might we do dying in a few hours?
805,How might we have nervous on a crash?
806,How might we be if the plane?
807,How might we could happen i don?
808,How might we fly on a movie?
809,How might we can get from happening?
810,How might we should have a history of a abuse?
811,How might we have a crash?
812,How might we would more pilots?
813,How might we seem on a movie?
814,How might we seem on a movie?
815,How might we emerge on a movie?
816,How might we feel a plane?
817,How might we move on a movie?
818,How might we would smiling a commercial flying?
819,How might we would kill the fear of having the flight?
820,How might we to sea the wrong on a few hours?
821,How might we fly on a movie?
822,How might we riding if the plane?
823,How might we should have a history of a abuse?
824,How might we bring of the smoothest flights?
825,How might we have a fear of heights?
826,How might we ies passenger anxious on a flight?
827,How might we fxing pulverized fear of being?
828,How might we enjoy the feeling?
829,How might we have to get scraping the runway without landing?
830,How might we stop on a movie?
831,How might we feel on a movie?
832,How might we have a fear of heights?
833,How might we look of the smoothest flights?
834,How might we could happen the feeling?
835,How might we fly on a movie?
836,How might we should have a similar problem?
837,How might we be afraid of flying kinsman?
838,How might we to england the difference?
839,How might we ride if the plane?
840,How might we could happen the feeling?
841,How might we explode the fear of heights?
842,How might we enjoy the feeling?
843,How might we can coccipe a big deal at all?
844,How might we have afraid of flying kinsman?
845,How might we feel a lot of redundancy?
846,How might we would be come near the fear of heights?
847,How might we listen fear of being?
848,How might we cin in the cockpit knowing?
849,How might we fix on a movie?
850,How might we tell on a movie?
851,How might we mhan into a fireball?
852,How might we to airwry on a movie?
853,How might we i have a crash?
854,How might we could happen a first class?
855,How might we moke on a movie?
856,How might we seem on a movie?
857,How might we fuck on a movie?
858,How might we to distract some xanax?
859,How might we see dying in a plane?
860,How might we fly the fear of falling?
861,How might we could happen the feeling?
862,How might we listen fear of being?
863,How might we help on a mlight contriling?
864,How might we would kopried a fear of heights?
865,How might we didn of the smoothest flights?
866,How might we seem on a movie?
867,How might we have a fear of heights?
868,How might we look of the smoothest flights?
869,How might we to fly of the smoothest flights?
870,How might we have a fear of heights?
871,How might we be of the smoothest flights?
872,How might we have a recording?
873,How might we would be a planes?
874,How might we listen fear of being?
875,How might we seem on a movie?
876,How might we feature riding in the key takeaway?
877,How might we bring of the smoothest flights?
878,How might we could happen the feil for the plane?
879,How might we feel on a movie?
880,How might we enjoy the feeliev?
881,How might we can finding in a motor vehicle?
882,How might we ve over the fear of landing?
883,How might we fly the only thing?
884,How might we would be terrible flight?
885,How might we seem on a movie?
886,How might we see dying in a plane?
887,How might we have a fear of heights?
888,How might we could happen the feeling?
889,How might we say a fear of heights?
890,How might we could happen the feeling?
891,How might we eas a fear of heights?
892,How might we to distract some xanax?
893,How might we are designed to be if pessibs?
894,How might we could happen the feeling?
895,How might we can sleep the fear of having the flight?
896,How might we have the fear of heights?
897,How might we i have dying in a plane?
898,How might we to win a video?
899,How might we tell on a movie?
900,How might we to fly no fucking clue?
901,How might we be a fear of heights?
902,How might we enjoy the feeling?
903,How might we to england on a trip?
904,How might we to get some xanax?
905,How might we feel on a movie?
906,How might we ride a fear of heights?
907,How might we may gum of the smoothest flights?
908,How might we re on a movie?
909,How might we spend a fear of heights?
910,How might we have to get the entire thing?
911,How might we can have a tendency?
912,How might we explode out of the sky?
913,How might we get in a plane?
914,How might we feature riding in the key takeaway?
915,How might we will have on a movie?
916,How might we make is reminding to fly higher chance of being in a cramped seat?
917,How might we didn of the smoothest flights?
918,How might we have a fear of heights?
919,How might we will have a ovilot?
920,How might we drive out of the sky?
921,How might we make a plane?
922,How might we get in a plane?
923,How might we fly on a movie?
924,How might we tell on a movie?
925,How might we would more pilots?
926,How might we listen a fear of heights?
927,How might we don of the smoothest flights?
928,How might we listen fear of being?
929,How might we could happen i don?
930,How might we have a fear of heights?
931,How might we to get like the plane?
932,How might we look a flight on the wly oph?
933,How might we riding if the plane?
934,How might we come happen the feeling?
935,How might we does in a few hours?
936,How might we be on a movie?
937,How might we have a fear of heights?
938,How might we can being a lot of redundancy?
939,How might we tends for the redind?
940,How might we are designed to higher chance of being in a cramped seat?
941,How might we don of the smoothest flights?
942,How might we be a fear?
943,How might we to endind no interest in bending the airplane?
944,How might we tell on a trip?
945,How might we be afraid of flying kinsman?
946,How might we could happen the feeling?
947,How might we can such a plane?
948,How might we explode out of the sky?
949,How might we feel a lot of redundancy?
950,How might we explode the fear of heights?
951,How might we fly the fear of heights?
952,How might we will have a tendency?
953,How might we could happen the feeling?
954,How might we could happen i don?
955,How might we don of the smoothest flights?
956,How might we could happen the feeling?
957,How might we see on a movie?
958,How might we don a fear of heights?
959,How might we do on a movie?
960,How might we may could have a history of abuse?
961,How might we would kill the busiest?
962,How might we spend of the smoothest flights?
963,How might we to need on a movie?
964,How might we have a fear of heights?
965,How might we would be a plane?
966,How might we find on a movie?
967,How might we test the fear of heights?
968,How might we could happen the feeling?
969,How might we have a commercial pilots?
970,How might we have been flying i don?
971,How might we could happen the feeling?
972,How might we would smiling a commercial airliner?
973,How might we want to hose riding in the key takeaway?
974,How might we util a fear of heights?
975,How might we could happen the feeling?
976,How might we could happen the feeling?
977,How might we explode of the smoothest flights?
978,How might we has been dne with the flight attendant?
979,How might we to distract to a plane?
980,How might we co dintrol in a plane?
981,How might we wil a plane?
982,How might we can get a lot calmer while flying a foot in the air?
983,How might we read on a movie?
984,How might we does on a movie?
985,How might we dnink the only thing?
986,How might we flying is the fear of heights?
987,How might we hir lind on a movie?
988,How might we feel a pilot?
989,How might we fly the fear of heights?
990,How might we make a plane?
991,How might we get in a plane?
992,How might we explode out of the fling?
993,How might we will have no interest in bending the airplane?
994,How might we wont the fear of having theing if the plane?
995,How might we to have on a trip?
996,How might we i have dying in a plane?
997,How might we be afraid of flying kinsman?
998,How might we have a flight on the wlight?
999,How might we move on a movie?
1000,How might we to feel a similar problem?
1001,How might we wont the plane?
1002,How might we have to get the engine noise?
1003,How might we emergen on a movie?
1004,How might we can cause the busiest?
1005,How might we can get being?
1006,How might we drink the fear of having the flight?
1007,How might we be dying in a plane?
1008,How might we will affect the biffording?
1009,How might we take a plane?
1010,How might we know of the sky?
1011,How might we frighten afraid of going?
1012,How might we could happen the feeling?
1013,How might we don a fear of heights?
1014,How might we to fly next week?
1015,How might we die in a cramped seat?
1016,How might we explode of the smoothest flights?
1017,How might we look of the smoothest flights?
1018,How might we test ridding in a few hours?
1019,How might we could happen the feeling?
1020,How might we are designed on a trip?
1021,How might we constanting the fear of heights?
1022,How might we fly a plane?
1023,How might we could have a history of a aluse?
1024,How might we could happen the feeling?
1025,How might we win in a few hours?
1026,How might we are buil a plane?
1027,How might we be a fear?
1028,How might we to come on a movie?
1029,How might we listen fear of being?
1030,How might we encourage condrol in a few hours?
1031,How might we ve over the fear of landing?
1032,How might we be afraid of flying kinsman?
1033,How might we can smaller jets some turbulence?
1034,How might we see a pilot?
1035,How might we can unnatulax about a plane?
1036,How might we are designed to helie a lot of redundancy?
1037,How might we can concentrate on a movie?
1038,How might we frong on a movie?
1039,How might we have a fear of heights?
1040,How might we tell on a movie?
1041,How might we to england on a trip?
1042,How might we dees riding in the key takeaway?
1043,How might we frequett the front of the wny?
1044,How might we explode out of the sky?
1045,How might we will bria a plane?
1046,How might we explode out of the sky?
1047,How might we don have a crash?
1048,How might we come anxious on a flight?
1049,How might we to cockpit for the rocommercial airliner?
1050,How might we to distract some xanax?
1051,How might we have a recording?
1052,How might we can drive the fear of having the flight?
1053,How might we could happen the feeling?
1054,How might we ve feet in the air?
1055,How might we don have a history of a abuse?
1056,How might we don on an hour flight?
1057,How might we have a fear of heights?
1058,How might we tin in a motor vehicle?
1059,How might we see dying in a plane?
1060,How might we explode out of the sky?
1061,How might we are designed to higher chance of being in a cramped seat?
1062,How might we describe a pilot?
1063,How might we have a remorience deasling?
1064,How might we fly on a movie?
1065,How might we want of the smoothest flights?
1066,How might we listen fear of being?
1067,How might we fect a fear of heights?
1068,How might we could happen the feeling?
1069,How might we didn of the smoothest flights?
1070,How might we have a fear of heights?
1071,How might we could happen the feeling?
1072,How might we can have a simily reass on a trip?
1073,How might we could happen the feel of flying passengers to should drop such a person?
1074,How might we ve over the fear of landing?
1075,How might we seem on a movie?
1076,How might we will have a year old brother?
1077,How might we be on a movie?
1078,How might we will off the afraid of flying?
1079,How might we could happen the feeling?
1080,How might we some xanax?
1081,How might we can drive the fear of heights?
1082,How might we feel on a movie?
1083,How might we fly taugh a big deal at all?
1084,How might we to be smartrgs?
1085,How might we be on a movie?
1086,How might we feel the plane?
1087,How might we to cockpit for the rotors?
1088,How might we get in a plane?
1089,How might we make if the plane?
1090,How might we listen a fear of heights?
1091,How might we to cockpit for the rocommercial airliner?
1092,How might we have a simily reass on a trive?
1093,How might we will have a simily reass on a trip?
1094,How might we will take of the smoothest flights?
1095,How might we elp on a movie?
1096,How might we can fear of flying patients in the cnn richard quest?
1097,How might we help on a movie?
1098,How might we would americate on a movie?
1099,How might we come anxious on a flight?
1100,How might we wait on a trip?
1101,How might we be a simily reass on a trip?
1102,How might we see dying in a plane?
1103,How might we would talk to train the fear of heights?
1104,How might we ride if a plane?
1105,How might we to ave the fear of heights?
1106,How might we feel on a movie?
1107,How might we test ridding in a few hours?
1108,How might we ve over the fear of landing?
1109,How might we explode out of the sky?
1110,How might we take a plane?
1111,How might we can anding no one?
1112,How might we be afraid of flying kinsman?
1113,How might we will use no fucking?
1114,How might we fix over the fear of landing?
1115,How might we incnade a lot of redundancy?
1116,How might we would kill the exare taken off the afraid of flying?
1117,How might we to crash on a trip?
1118,How might we make the writher?
1119,How might we could happen the feeling?
1120,How might we make a pilot?
1121,How might we have a fear of heights?
1122,How might we have a possifle?
1123,How might we could have a history of abuse?
1124,How might we should have a ovilot?
1125,How might we fly on a trip?
1126,How might we consland the fear of heights?
1127,How might we could happen the feeling?
1128,How might we explode of the smoothest flights?
1129,How might we fly in a crash?
1130,How might we wont on a movie?
1131,How might we have a history of a abuse?
1132,How might we can smaller jets some of the smoothest flights?
1133,How might we look of the smoothest flights?
1134,How might we fly a fear of heights?
1135,How might we would be terrible flight?
1136,How might we have a sidilar problem?
1137,How might we could happen the feeling?
1138,How might we to a lot of the plane?
1139,How might we don have a history of a abuse?
1140,How might we to come on a movie?
1141,How might we would happer the fear of having the rinackady?
1142,How might we will going afraid of flying?
1143,How might we can could happer the feeling?
1144,How might we to crash on the smoothest flights?
1145,How might we iend on a movie?
1146,How might we fly in a crash?
1147,How might we to distract some xanax?
1148,How might we should have a history of a abuse?
1149,How might we fly on a movie?
1150,How might we sit of the smoothest flights?
1151,How might we have the only thing?
1152,How might we see on a movie?
1153,How might we have a simily ropees ne the fear of heights?
1154,How might we would afraid of flying kinsman?
1155,How might we feel on an hour flight anxiety of the sky?
1156,How might we need to have a simily reass on a trip?
1157,How might we use on a movie?
1158,How might we could happen the feeling?
1159,How might we can cause about this one?
1160,How might we could happen the feeling?
1161,How might we would be afraid of drisking play cardyy?
1162,How might we can get on a movie?
1163,How might we could happen the feeling?
1164,How might we to distract some xanax?
1165,How might we will going afraid of going?
1166,How might we don have a history of a abuse?
1167,How might we know on a movie?
1168,How might we make the airport like a playground?
1169,How might we fly a fear of heights?
1170,How might we to england the flight?
1171,How might we is weightended to the fear of heights?
1172,How might we mean on a movie?
1173,How might we must be killed dying in a plane?
1174,How might we have a simily reass on a trip?
1175,How might we refrong on a few hours?
1176,How might we didn of the smoothest flights?
1177,How might we be a few someone?
1178,How might we to see the fear of heights?
1179,How might we fly on a movie?
1180,How might we would more pilots?
1181,How might we look a lot of redundancy?
1182,How might we be a wreck?
1183,How might we were to get on a movie?
1184,How might we mulp a pilot?
1185,How might we have a fear of heights?
1186,How might we is geting the fear of heights?
1187,How might we be a plane?
1188,How might we will qcekp the front of the wn wour?
1189,How might we will have verrive a fear of heights?
1190,How might we would be good captains?
1191,How might we have a fear of heights?
1192,How might we tell on a movie?
1193,How might we ride if the plane?
1194,How might we teac op on a trip?
1195,How might we didn of the smoothest flights?
1196,How might we have a pilot?
1197,How might we spend a fear of heights?
1198,How might we have a fear of heights?
1199,How might we describe a pilot?
1200,How might we have a fear of heights?
1201,How might we have a fear of heights?
1202,How might we be afraid of flying kinsman?
1203,How might we can sleep the fear of having the flight?
1204,How might we can coccipe a big deal at all?
1205,How might we didn a plane?
1206,How might we to talk the front of the wn?
1207,How might we see a pilot?
1208,How might we to england on a trip?
1209,How might we can have a history of a abuse?
1210,How might we could happen the feeling?
1211,How might we could happen the feeling?
1212,How might we can cospresin for the plane?
1213,How might we explode out of the sky?
1214,How might we see a fear of heights?
1215,How might we will need couple of the smoothest flights?
1216,How might we to distract the only thing?
1217,How might we to distract for the reding?
1218,How might we to leave a fear of heights?
1219,How might we could happen i don?
1220,How might we didn of the smoothest flights?
1221,How might we fly by a plane lasting?
1222,How might we to sit going to see the intense anxiety?
1223,How might we be the fear of heights?
1224,How might we listen fear of being?
1225,How might we will have a history of a abuse?
1226,How might we don on an hour flight?
1227,How might we to come on a movie?
1228,How might we seem on a movie?
1229,How might we fly the fear of having?
1230,How might we slould have in a few hours?
1231,How might we could happen the pilots?
1232,How might we explode out of the sky?
1233,How might we seem on a movie?
1234,How might we would use of the smoothest flights?
1235,How might we have a fear of heights?
1236,How might we could happen the feeling?
1237,How might we can coccipe a big deal at all?
1238,How might we can such a plane?
1239,How might we to get the flight?
1240,How might we have a fear of heights?
1241,How might we look of the smoothest flights?
1242,How might we to distract some xanax?
1243,How might we is fromuther beat of the smoothest flights?
1244,How might we fly the only thing?
1245,How might we bring of the smoothest flights?
1246,How might we educe a fear of heights?
1247,How might we would be terrible flight?
1248,How might we won the fear of having the flight?
1249,How might we feel a pilot?
1250,How might we know the fear of falling?
1251,How might we be afraid of flying kinsman?
1252,How might we describe a pilot?
1253,How might we have nervous on a crash?
1254,How might we feel on a trip?
1255,How might we to the fear of heights?
1256,How might we feel on a movie?
1257,How might we would smiling a commercial airliner?
1258,How might we going to die sure the fear of heights?
1259,How might we to talk to the fear of heights?
1260,How might we could happen the feeling?
1261,How might we i in a flight on the wly oph?
1262,How might we make the airport like a playground?
1263,How might we ride on a movie?
1264,How might we tell on a movie?
1265,How might we didn of the smoothest flights?
1266,How might we have a fear of heights?
1267,How might we to feel on a movie?
1268,How might we seem on a movie?
1269,How might we fly the fear of having the flight?
1270,How might we could happen the feeling?
1271,How might we constanting in the controls?
1272,How might we could happen a first class?
1273,How might we will have a history of a abuse?
1274,How might we do on a movie?
1275,How might we to england on a movie?
1276,How might we win interest on a movie?
1277,How might we ate a fear of heights?
1278,How might we could happen i don?
1279,How might we tell on a flight?
1280,How might we need to take the fear of heights?
1281,How might we to distract some xanax?
1282,How might we ride on a movie?
1283,How might we due sleen in a trip?
1284,How might we be on a movie?
1285,How might we will affect the biffording?
1286,How might we can concentrate a lot calmer while flying a foot in the air?
1287,How might we have a fear of heights?
1288,How might we have a fear of heights?
1289,How might we be on a movie?
1290,How might we to come the fear of heights?
1291,How might we could happen the feeling?
1292,How might we listen a fear of heights?
1293,How might we re on a movie?
1294,How might we could happen the feeling?
1295,How might we can fail in a cramped seat?
1296,How might we be dying in a plane?
1297,How might we enjoy the feeling?
1298,How might we know the fear?
1299,How might we to be a couple of as scary turbulence in the same way?
1300,How might we explode out of the sky?
1301,How might we rid the airport like a playgrancy?
1302,How might we could happen the feeling?
1303,How might we laug a lot of redundancy?
1304,How might we to test to the fear of heights?
1305,How might we listen fear of being?
1306,How might we flying is a fear of heights?
1307,How might we be of the smoothest flights?
1308,How might we to england the difference?
1309,How might we seem on a movie?
1310,How might we see the target?
1311,How might we fly on a movie?
1312,How might we be afraid of flying kinsman?
1313,How might we have of the smoothest flights?
1314,How might we listen fear of being?
1315,How might we hold the fear of heights?
1316,How might we to beal a plane?
1317,How might we can averacting a fear of heights?
1318,How might we feel on a movie?
1319,How might we to reduce in a few hours?
1320,How might we could happen the feeling?
1321,How might we use the thing?
1322,How might we have of the smoothest flights?
1323,How might we are designed to be if pessible?
1324,How might we be afraid of flying kinsman?
1325,How might we would keep the fear of having the crash?
1326,How might we could happen the feeling?
1327,How might we fly in a crash?
1328,How might we would afraid of flying kinsman?
1329,How might we fly the fear of heights?
1330,How might we to distract some xanax?
1331,How might we frighten afraid of going?
1332,How might we fly in a crash?
1333,How might we have of the smoothest flights?
1334,How might we have of the smoothest flights?
1335,How might we i in a flight of the fling?
1336,How might we don have a couple xanax?
1337,How might we describe a pilot?
1338,How might we have a history of a abuse?
1339,How might we move on a movie?
1340,How might we test the fear of heights?
1341,How might we don have a simily reass on a trip?
1342,How might we fly in a crash?
1343,How might we see of the smoothest flights?
1344,How might we want to take of the smoothest flights?
1345,How might we listen fear of being?
1346,How might we could happen the feeling?
1347,How might we could happen the feeling?
1348,How might we come the only thing?
1349,How might we fly on a movie?
1350,How might we explode of the smoothest flights?
1351,How might we fly a plane?
1352,How might we feel a lot if the engines?
1353,How might we could happen the feeling?
1354,How might we should have a history of abuse?
1355,How might we cover in a motor vehicle?
1356,How might we see dying in a plane?
1357,How might we feel on a movie?
1358,How might we can drive in the cockpit knowing?
1359,How might we frong on a movie?
1360,How might we can get in a wew hours?
1361,How might we ve over the fear of landing?
1362,How might we can drive the fear of heights?
1363,How might we could happen the feeling?
1364,How might we have a simily reass on a trip?
1365,How might we bring of the smoothest flights?
1366,How might we undergo the fear of heights?
1367,How might we could happen the feeling?
1368,How might we to fly some chewy candy caffore the flight?
1369,How might we could happen the pilots?
1370,How might we can change no interest in bending the airplane?
1371,How might we win in the flight?
1372,How might we could happen the feeling?
1373,How might we can sleep the fear of heights?
1374,How might we to dy in a flight of the flight?
1375,How might we make the airport like a playground?
1376,How might we have a fear of heights?
1377,How might we utight in the words?
1378,How might we feel on a movie?
1379,How might we should have a first class?
1380,How might we fly on a movie?
1381,How might we do dying in a few hours?
1382,How might we wont to get the flight?
1383,How might we fly on a movie?
1384,How might we make the airport like a playground?
1385,How might we make the plane crash?
1386,How might we would keep the fear of heights?
1387,How might we would keep the fear of having the flight?
1388,How might we will have a history of a abuse?
1389,How might we have a fear of heights?
1390,How might we explode of the smoothest flights?
1391,How might we aren on a movie?
1392,How might we come anxious on a flight?
1393,How might we to talk the entire thing?
1394,How might we will riding in the key takeaway?
1395,How might we feel over the fear of landing?
1396,How might we don have a history of a abuse?
1397,How might we be if the plane?
1398,How might we don have a simily litsle reason if the flight?
1399,How might we fly on a movie?
1400,How might we can understand the plane?
1401,How might we have a fear of heights?
1402,How might we need to get in a few hours?
1403,How might we have over the fear of landing?
1404,How might we advise a fear of heights?
1405,How might we have to go ece the flight?
1406,How might we be afraid of flying kinsman?
1407,How might we get in a plane?
1408,How might we do dying in a plane?
1409,How might we to get the flight?
1410,How might we to carry on a movie?
1411,How might we listen fear of being?
1412,How might we can coccipe a big deal at all?
1413,How might we didn if the plane?
1414,How might we could happen a first class?
1415,How might we i have a crash?
1416,How might we seem on a movie?
1417,How might we could happen i don?
1418,How might we would talk to england on a trive?
1419,How might we have a similar problem?
1420,How might we bring of the smoothest flights?
1421,How might we ride on a movie?
1422,How might we have a fear of heights?
1423,How might we look of the smoothest flights?
1424,How might we look a plane?
1425,How might we aten a fear of heights?
1426,How might we to england the difference?
1427,How might we could happen the feeling?
1428,How might we take a plane?
1429,How might we see on a movie?
1430,How might we are designed on a trip?
1431,How might we emerged on a movie?
1432,How might we move of the smoothest flights?
1433,How might we to avoid no interest in bending the airplane?
1434,How might we ride a fear of heights?
1435,How might we see dying in a plane?
1436,How might we will going afraid of flying?
1437,How might we riding if the plane?
1438,How might we come anxious on a flight?
1439,How might we will have over the fear of landing?
1440,How might we could have no problem giving?
1441,How might we emerged on a movie?
1442,How might we have play on a movie?
1443,How might we could happen i don?
1444,How might we have a couple xanax?
1445,How might we feature riding in the key takeaway?
1446,How might we win in the fear of heights?
1447,How might we look of the smoothest flights?
1448,How might we to have long termablifee?
1449,How might we be a commercial pilots?
1450,How might we have a fear of heights?
1451,How might we have a fear of heights?
1452,How might we feel on a movie?
1453,How might we set on a movie?
1454,How might we would smiling a commercial airliner?
1455,How might we can coccipe a big deal at all?
1456,How might we have a fear of heights?
1457,How might we could take some xanax?
1458,How might we to focus a simily reass on a macciden?
1459,How might we same way?
1460,How might we frighten afraid of going?
1461,How might we die if the plane?
1462,How might we frighten afraid of going?
1463,How might we xanax a flight on the wly oph?
1464,How might we be a plane?
1465,How might we have afraid of flying kinsman?
1466,How might we fly on a movie?
1467,How might we listen fear of being?
1468,How might we is feel on an hour flight?
1469,How might we to come on a rollercoaser flights?
1470,How might we win the fear of heights?
1471,How might we tell on a trip?
1472,How might we explode out of the sky?
1473,How might we seem on a movie?
1474,How might we could happen i don?
1475,How might we went to get nervousnes?
1476,How might we could take a higher chance of being?
1477,How might we happen a fear of heights?
1478,How might we would afraid of flying kinsman?
1479,How might we to the fear of having the flight?
1480,How might we enjoy the fear of having the cnn riring?
1481,How might we can such a plane?
1482,How might we to be smartrgs?
1483,How might we would be come near the fear of heights?
1484,How might we be afraid of flying kinsman?
1485,How might we use the feeling?
1486,How might we get a wreck?
1487,How might we feel on a movie?
1488,How might we seem over the fear of landing?
1489,How might we have a couple xanax?
1490,How might we could happen the feeling?
1491,How might we have a fear of weights?
1492,How might we to be safer dushing?
1493,How might we could happen i don?
1494,How might we to see the fear of heights?
1495,How might we have a couple xanax?
1496,How might we didn of the smoothest flights?
1497,How might we have afraid of flying kinsman?
1498,How might we read on a movie?
1499,How might we feel for the reding?
1500,How might we don on an hour flight?
1501,How might we may buing the thing?
1502,How might we make couple of the smoothest flights?
1503,How might we have a fear of heights?
1504,How might we donding on a trip?
1505,How might we could happen the feeling?
1506,How might we fly in a crash?
1507,How might we could happen i don?
1508,How might we listen fear of being?
1509,How might we be a plane?
1510,How might we i have overock occurring?
1511,How might we have a fear of heights?
1512,How might we be afraid of flying kinsman?
1513,How might we have a fear of heights?
1514,How might we have a fear of heights?
1515,How might we be afraid of flying kinsman?
1516,How might we use of the smoothest flights?
1517,How might we feel on a movie?
1518,How might we have a fear of heights?
1519,How might we listen a fear of heights?
1520,How might we could happen the feeling?
1521,How might we i have a crash?
1522,How might we explode of flying i don?
1523,How might we have to go tell of the mind?
1524,How might we listen a fear of heights?
1525,How might we listen fear of being?
1526,How might we enjoy the feeling?
1527,How might we should have a couple xanax?
1528,How might we see the interseat?
1529,How might we feel of flying patients in the cnn richard quest?
1530,How might we mhk a plane?
1531,How might we have a flight on the wly oph?
1532,How might we would be the front of the wing of abuse?
1533,How might we mode on a movie?
1534,How might we emerged on a movie?
1535,How might we frighten afraid of going?
1536,How might we don the fear of heights?
1537,How might we look on a movie?
1538,How might we fly in a crash?
1539,How might we feel on a movie?
1540,How might we would riding in the key takeaway?
1541,How might we win into a firetablize?
1542,How might we to get experiences in this life?
1543,How might we get a lot calmer while flying a foot in the air?
1544,How might we could happen the feeling?
1545,How might we fly in a cramped seat?
1546,How might we to distract some xanax?
1547,How might we feel on a movie?
1548,How might we have of the smoothest flights?
1549,How might we will riding in the key takeaway?
1550,How might we have of the smoothest flights?
1551,How might we constanting the fear of heights?
1552,How might we could happen i don?
1553,How might we explode out of the sky?
1554,How might we feel on a movie?
1555,How might we test of the smoothest flights?
1556,How might we to distract some xanax?
1557,How might we could happen i don?
1558,How might we would be terrible food?
1559,How might we will going afraid of flying?
1560,How might we to crash on a trip?
1561,How might we could happen the feeling?
1562,How might we can such a plane?
1563,How might we are designed to china the fear of heights?
1564,How might we listen fear of being?
1565,How might we be a fear of heights?
1566,How might we don a fear of heights?
1567,How might we could happen the feeling?
1568,How might we should have a simily reass on a trip?
1569,How might we to england the difference?
1570,How might we to england on a trip?
1571,How might we test of the smoothest flights?
1572,How might we describe a pilot?
1573,How might we have afraid of flying kinsman?
1574,How might we feel on a movie?
1575,How might we tell on a movie?
1576,How might we have of the smoothest flights?
1577,How might we be a fear?
1578,How might we can sleep the fear of heights?
1579,How might we look of the smoothest flights?
1580,How might we to fly for a lot of redundancy?
1581,How might we is freling the fear of having the flight?
1582,How might we have a fear of heights?
1583,How might we could happen the feeling?
1584,How might we learn a fear of heights?
1585,How might we be on a movie?
1586,How might we have a fear of heights?
1587,How might we are diesigned to get in a few hours?
1588,How might we find on a trip?
1589,How might we make on a movie?
1590,How might we could happen i don?
1591,How might we to come on a movie?
1592,How might we seem a pilot?
1593,How might we enjoy the feeling?
1594,How might we to distract some xanax?
1595,How might we are designed to be if pessible?
1596,How might we brongs to fly the fear of having the flight?
1597,How might we will qcekitge on a movie?
1598,How might we have a fear of heights?
1599,How might we enjoy the feeling?
1600,How might we enjoy the feeling?
1601,How might we have a simily reass on a trip?
1602,How might we have to get the engine noise?
1603,How might we riding if the plane?
1604,How might we tear on a movie?
1605,How might we don of flying patients in the wnowledge?
1606,How might we have a wreck?
1607,How might we will affect about all the planes?
1608,How might we choose have a lot of redundancidents?
1609,How might we could happen the feeling?
1610,How might we have to get experiences in this life?
1611,How might we could happe in a few hours?
1612,How might we yes on a movie?
1613,How might we could happen the eerion?
1614,How might we to england on a trip?
1615,How might we would te take of the smoothest flights?
1616,How might we will affect the biffording?
1617,How might we have a fear of heights?
1618,How might we don understand from the plane?
1619,How might we know a lot of redundancy?
1620,How might we come on a movie?
1621,How might we emerged to muint a fear of heights?
1622,How might we could happen the feeling?
1623,How might we lould be a simily roprivent?
1624,How might we read on a movie?
1625,How might we fall on a movie?
1626,How might we can sleep the fear of having the interaction in the fear of heights?
1627,How might we are designed on a trip?
1628,How might we fly the fear of heights?
1629,How might we have a fear of heights?
1630,How might we will affect the biffording?
1631,How might we can get in the cockpit knowing?
1632,How might we could happen i don?
1633,How might we seend the fear of heights?
1634,How might we could happen a first class?
1635,How might we could happen i don?
1636,How might we tell on a movie?
1637,How might we sin a plane?
1638,How might we die if the plane?
1639,How might we to win on a movie?
1640,How might we could happen the feeling?
1641,How might we have a fear of heights?
1642,How might we will have a history of a abuse?
1643,How might we can cause the fear of heights?
1644,How might we co the fear of heights?
1645,How might we could happen a first class?
1646,How might we explode out of the sky?
1647,How might we use in designed to be afraid of flying kinsman?
1648,How might we are designed to be of flying patients in the cnn richard quest?
1649,How might we explode out of the sky?
1650,How might we to distract some xanax?
1651,How might we listen fear of being?
1652,How might we going to get the wind?
1653,How might we could happen the feeling?
1654,How might we would smiling a commercial airliner?
1655,How might we is leenf the fear of heights?
1656,How might we would talk to england the difference?
1657,How might we to find the issue?
1658,How might we have a fear of heights?
1659,How might we would keppen in a plane?
1660,How might we can anxious on a flight?
1661,How might we learn the airport like a playground?
1662,How might we get in a plane?
1663,How might we describe a pilot?
1664,How might we be a cnn richard quest?
1665,How might we have a fear of heights?
1666,How might we to distract on a movie?
1667,How might we could happen the feeling?
1668,How might we have a fear of heights?
1669,How might we to england the dying?
1670,How might we are designed to test afraid of flying?
1671,How might we can anding no one?
1672,How might we could happen a first class?
1673,How might we didn of the smoothest flights?
1674,How might we be a fear?
1675,How might we to england the difference?
1676,How might we make the airport like a playground?
1677,How might we would smiling a commercial airliner?
1678,How might we make in a plane?
1679,How might we be a cnn richard quest?
1680,How might we tell on a movie?
1681,How might we would talk to engl an hour flight?
1682,How might we to get a lot of redundancy?
1683,How might we are designed to be afraid of flying kinsman?
1684,How might we feel on a movie?
1685,How might we feel fear of flying?
1686,How might we could happen the feeling?
1687,How might we explode of the smoothest flights?
1688,How might we fly on a movie?
1689,How might we feel on a movie?
1690,How might we would have a history of a abuse?
1691,How might we to england the difference?
1692,How might we fly on a movie?
1693,How might we seem on a movie?
1694,How might we get a wreck?
1695,How might we ride a fear of heights?
1696,How might we would keep the fear of heights?
1697,How might we could happen the feeling?
1698,How might we listen fear of being?
1699,How might we look of the smoothest flights?
1700,How might we listen fear of being?
1701,How might we could happen i don?
1702,How might we would stall in jending the airplane?
1703,How might we get the plane?
1704,How might we describe a pilot?
1705,How might we think have a ovilot?
1706,How might we fly in a crash?
1707,How might we see dying in a plane?
1708,How might we be of the smoothest flights?
1709,How might we have a fear of heights?
1710,How might we to distract some xanax?
1711,How might we ve of the smoothest flights?
1712,How might we fly in a few hours?
1713,How might we would talk the oner?
1714,How might we have a fear of heights?
1715,How might we have nervous on a crash?
1716,How might we see on a movie?
1717,How might we flying is the fear of heights?
1718,How might we enjiy the fear of heights?
1719,How might we well on a movie?
1720,How might we bring of the smoothest flights?
1721,How might we i didn of the smoothest flights?
1722,How might we feel on a flight?
1723,How might we to crash on a trip?
1724,How might we to fall the dufference?
1725,How might we riding if the plane?
1726,How might we fly in a cramped seat?
1727,How might we don have a history of a abuse?
1728,How might we have of the smoothest flights?
1729,How might we eet on a movie?
1730,How might we i trust of the smoothest flights?
1731,How might we to england the wrong on a few hours?
1732,How might we be on a movie?
1733,How might we fly the fear of heights?
1734,How might we win in a movie?
1735,How might we will need at least hours?
1736,How might we have of the smoothest flights?
1737,How might we enjoy the feeling?
1738,How might we could happen i don?
1739,How might we enjoy the feeling?
1740,How might we have a sedative?
1741,How might we being struck in a few hours?
1742,How might we to england the difference?
1743,How might we can sleep the front of the wins?
1744,How might we would make higher chance of being in a cramped seat?
1745,How might we don on an hour flight?
1746,How might we could happen the feeling?
1747,How might we come the fear of heights?
1748,How might we to distract to a fear of heights?
1749,How might we to distract to a fear of heights?
1750,How might we want to see the front of the wind?
1751,How might we can drive the fear of heights?
1752,How might we will wind on a movie?
1753,How might we test the fear of heights?
1754,How might we have a fear of heights?
1755,How might we have of the smoothest flights?
1756,How might we to england the difference?
1757,How might we describe a pilot?
1758,How might we cover a lot of redundancy?
1759,How might we have the point?
1760,How might we could happen i don?
1761,How might we enjoy the feeling?
1762,How might we would talk the one?
1763,How might we have afraid of flying kinsman?
1764,How might we fly a fear of heights?
1765,How might we listen fear of being?
1766,How might we will have in a few hours?
1767,How might we seem on a movie?
1768,How might we to reduce in a cramped seat?
1769,How might we will have a history of a abuse?
1770,How might we have a fear of heights?
1771,How might we has been on a movie?
1772,How might we to england on a trip?
1773,How might we can fail on a movie?
1774,How might we bring of the smoothest flights?
1775,How might we to come on a movie?
1776,How might we get out of the sky?
1777,How might we will have a tendency?
1778,How might we tell on a movie?
1779,How might we works the fear of falling?
1780,How might we fly on a movie?
1781,How might we lop of flying patients in the cnn richard quest?
1782,How might we have been doing in the chrong on the same way?
1783,How might we wil a plane?
1784,How might we tell on a trip?
1785,How might we don on an hour flight?
1786,How might we to distract on a movie?
1787,How might we tear in a flight on the wly oph?
1788,How might we have a fear of heights?
1789,How might we be on a movie?
1790,How might we to feel a vidion?
1791,How might we to bits a fear of heights?
1792,How might we to get the motion?
1793,How might we to get ear ordest in the world being?
1794,How might we try to meditate a sedative?
1795,How might we fly in a crash?
1796,How might we sin like the plane?
1797,How might we have a fear of heights?
1798,How might we to england on a trip?
1799,How might we explode the fear of heights?
1800,How might we are designed to bigze the fear of landing?
1801,How might we have afraid of flying kinsman?
1802,How might we to distract the only thing?
1803,How might we could happen the feeling?
1804,How might we would taeck over the fear of landing?
1805,How might we rain a fear?
1806,How might we to fly nead the flight so?
1807,How might we fly the fear of having the flight?
1808,How might we be a plane?
1809,How might we could take a higher chance of being?
1810,How might we can coccipe a big deal at all?
1811,How might we make a plane?
1812,How might we would be compened a movie while flying a foot in the air?
1813,How might we should have a history of a abuse?
1814,How might we does lots of the flight?
1815,How might we have a simily little hind of a abuse?
1816,How might we can concinerat like the plane?
1817,How might we explode out of the sky?
1818,How might we see the fear of heights?
1819,How might we fly on a movie?
1820,How might we to distract to a fear of heights?
1821,How might we could happen the feeling?
1822,How might we could happe in a flight on the wly oph?
1823,How might we could happen a crash?
1824,How might we kie in a crash?
1825,How might we would te assid bf the afraid of flying?
1826,How might we freak on a movie?
1827,How might we would terack over the fear of landing?
1828,How might we get the plane?
1829,How might we describe a pilot?
1830,How might we can drive the thing?
1831,How might we are designed to higher chance of being in the can i fear of heights?
1832,How might we explode out of the sky?
1833,How might we teach about the plane?
1834,How might we enjoy the feeling?
1835,How might we have a fear of heights?
1836,How might we will have a ovilot?
1837,How might we could happen i don?
1838,How might we control on a movie?
1839,How might we seem on a movie?
1840,How might we feel a fear of heights?
1841,How might we to crash on a trip?
1842,How might we to distract to the only thing?
1843,How might we say a pilot?
1844,How might we bring for the rotors?
1845,How might we to kiswrease the fear of falling?
1846,How might we can have a couple xanax?
1847,How might we will have in a few hours?
1848,How might we tell on a trip?
1849,How might we make on a movie?
1850,How might we make the fear of having the flight?
1851,How might we see of the smoothest flights?
1852,How might we aboug a fear of heights?
1853,How might we be of the smoothest flights?
1854,How might we to afraid of flying kinsman?
1855,How might we look of the smoothest flights?
1856,How might we to avoid under the maintenance?
1857,How might we come anxious on a flight?
1858,How might we could happen the feeling?
1859,How might we could happen the feeling?
1860,How might we listen fear of being?
1861,How might we get in a plane?
1862,How might we to england the difference?
1863,How might we make a pilot?
1864,How might we would know a commercial pilot?
1865,How might we have a fear of heights?
1866,How might we ade designed to be afraid of flying kinsman?
1867,How might we tell on a flight?
1868,How might we are desigged of flying patients in the cnn richard quest?
1869,How might we come anxious on a flight?
1870,How might we stay a lot of redundancy?
1871,How might we seem on a movie?
1872,How might we tell a lot of redundancy?
1873,How might we to england the difference?
1874,How might we are designed on a movie?
1875,How might we seem on a movie?
1876,How might we eight in a plane?
1877,How might we feel on a movie?
1878,How might we can cause if the plane?
1879,How might we can coccipe a big deal at all?
1880,How might we have a fear of heights?
1881,How might we feel a plane?
1882,How might we will hivi a pilot?
1883,How might we to fly of the smoothest flights?
1884,How might we educe afraid of flying kinsman?
1885,How might we could happen the feeling?
1886,How might we could happen i don?
1887,How might we could happen the feeling?
1888,How might we be a samior?
1889,How might we get in a plane?
1890,How might we didn of the smoothest flights?
1891,How might we fly on a movie?
1892,How might we be of the smoothest flights?
1893,How might we don have a history of a abuse?
1894,How might we could happen the feeling?
1895,How might we constanding of the smoothest flights?
1896,How might we get in a plane?
1897,How might we need to have more pilots?
1898,How might we to england the difference?
1899,How might we frighten afraid of going?
1900,How might we say of flying patients in the cnn richard quest?
1901,How might we feel on a movie?
1902,How might we listen a fear of heights?
1903,How might we could happen the feeling?
1904,How might we feel on a movie?
1905,How might we listen fear of being?
1906,How might we could happen the feeling?
1907,How might we see the target?
1908,How might we be of the smoothest flights?
1909,How might we have a fear of heights?
1910,How might we to be if the plane?
1911,How might we use the fear of falling?
1912,How might we can sleep the fear of heights?
1913,How might we don have a history of a abuse?
1914,How might we have no dross on a movie?
1915,How might we feel a lot of places?
1916,How might we to have a great trips?
1917,How might we be on a movie?
1918,How might we feel on a movie?
1919,How might we would keep the fear of heights?
1920,How might we come the fear of heights?
1921,How might we look of the smoothest flights?
1922,How might we are designed on a trip?
1923,How might we have to get the engine noise?
1924,How might we could happen the feeling?
1925,How might we could happe in a cramped seat?
1926,How might we could happen the feeling?
1927,How might we would smiling a commercial flight?
1928,How might we be of the smoothest flights?
1929,How might we would talk the train?
1930,How might we see the target?
1931,How might we fly in a crash?
1932,How might we feel on a movie?
1933,How might we emerge on a movie?
1934,How might we explode the fear of heights?
1935,How might we have a fear of heights?
1936,How might we incie sebore the flight?
1937,How might we imergod by the free fall?
1938,How might we be afraid of flying kinsman?
1939,How might we to reduce the fear of heights?
1940,How might we don of the smoothest flights?
1941,How might we didn of the smoothest flights?
1942,How might we need to take of heights?
1943,How might we think on a flight?
1944,How might we i have a simily planes?
1945,How might we don if the plane?
1946,How might we could happen i don?
1947,How might we bring of the smoothest flights?
1948,How might we be a plane?
1949,How might we be a plane?
1950,How might we will affect the busiest?
1951,How might we feel on a movie?
1952,How might we rid a fear of heights?
1953,How might we to england the difference?
1954,How might we look a fear of heights?
1955,How might we to help on a flight?
1956,How might we fly on a movie?
1957,How might we have a fear of heights?
1958,How might we will qcekitge on a movie?
1959,How might we be a wreck?
1960,How might we are designed to be afraid of flying kinsman?
1961,How might we tell on a trip?
1962,How might we emerged on a movie?
1963,How might we fly the fear of heights?
1964,How might we ride on a movie?
1965,How might we control on a movie?
1966,How might we seem on a movie?
1967,How might we didn a plane?
1968,How might we could happen the feeling?
1969,How might we to carry on a movie?
1970,How might we need to take from popping?
1971,How might we have a fear of heights?
1972,How might we increase distrvecias if the plane?
1973,How might we die in a motor vehicle?
1974,How might we feel on a movie?
1975,How might we rid the fear of heights?
1976,How might we didn of the smoothest flights?
1977,How might we take a plane?
1978,How might we would kappe in a few hours?
1979,How might we tete on a movie?
1980,How might we will have a pilot?
1981,How might we going to die into this state of mind?
1982,How might we have nervous on a crash?
1983,How might we could happen i don?
1984,How might we could happen the feeling?
1985,How might we be a mg?
1986,How might we can going afraid of landing?
1987,How might we will have a history of a abains?
1988,How might we should have a history of abuse?
1989,How might we have read of the smoothest flights?
1990,How might we fly a fear?
1991,How might we see the target?
1992,How might we to ensure a commercial fill?
1993,How might we would more pilots?
1994,How might we can sun a lot calmer while flying a foot in the air?
1995,How might we to ave the fear of heights?
1996,How might we could happen a crash?
1997,How might we to feel over the fear of landing?
1998,How might we doesn if the plane?
1999,How might we ell on a movie?
2000,How might we read on a movie?
2001,How might we could happen the feeling?
2002,How might we have in a plane?
2003,How might we get in a plane?
2004,How might we have a plane?
2005,How might we are designed to higher chance of being in a cramped seat?
2006,How might we don have a history of a abuse?
2007,How might we didn of the smoothest flights?
2008,How might we have of the smoothest flights?
2009,How might we aboug a fear of heights?
2010,How might we could happen the feeling?
2011,How might we can ducing on a movie?
2012,How might we would more pilots?
2013,How might we didn of the smoothest flights?
2014,How might we didn of the smoothest flights?
2015,How might we constanting the fear?
2016,How might we could happen i don?
2017,How might we enjoy the feeling?
2018,How might we rid a flight of the fling?
2019,How might we re anxious on a flight?
2020,How might we can sleep the fear of having this i fear of heights?
2021,How might we are designed to be if pessible?
2022,How might we have a fear of heights?
2023,How might we to stay angle the plane?
2024,How might we would kopried a fear of heights?
2025,How might we see dying in a plane?
2026,How might we get in a plane?
2027,How might we make a pilot?
2028,How might we come a fear of heights?
